Data,Tmax (°C),Tmin (°C),Tmed (°C),UR (%),Vel. Vento (m/s),Radiação solar (MJ/m²d),Chuva (mm),Ano,Radiação solar (KJ/m²d)
01/01/2020,"32,2","21,8",27,"77,25","1,333333333","20,8976",0,2020,"20897,6"
02/01/2020,"30,8","22,1","26,45","81,75","1,416666667","18,5559",0,2020,"18555,9"
03/01/2020,"29,6","20,2","24,9","78,16666667","1,708333333","17,6712",0,2020,"17671,2"
04/01/2020,"31,6","19,1","25,35","73,79166667","1,333333333","23,8533",0,2020,"23853,3"
05/01/2020,"32,9","19,5","26,2","72,08333333","1,416666667","27,3802",0,2020,"27380,2"
06/01/2020,"33,8","21,3","27,55","73,29166667","1,75","24,0415",0,2020,"24041,5"
07/01/2020,"29,6","20,2","24,9","80,04166667","1,125","17,3063","17,4",2020,"17306,3"
08/01/2020,"32,3","20,3","26,3","77,375","1,083333333","25,3601",0,2020,"25360,1"
09/01/2020,"33,2","23,5","28,35","76,70833333","1,333333333","22,0486",0,2020,"22048,6"
10/01/2020,"33,7","23,2","28,45","77,75","1,625","21,8086",0,2020,"21808,6"
11/01/2020,"31,7","22,1","26,9","85,66666667","1,958333333","14,9811",25,2020,"14981,1"
12/01/2020,"32,8",22,"27,4","84,39130435","0,8695652174","20,1839","0,2",2020,"20183,9"
13/01/2020,"31,5","23,3","27,4","85,125","1,041666667","13,949","2,8",2020,13949
14/01/2020,"31,6","20,9","26,25","85,25","1,708333333","19,3062","87,6",2020,"19306,2"
15/01/2020,34,"22,7","28,35","80,25","1,541666667","22,7372",0,2020,"22737,2"
16/01/2020,33,"21,1","27,05","85,33333333","2,041666667","10,4834","32,8",2020,"10483,4"
17/01/2020,"31,3","20,1","25,7",82,"1,25","23,8092",0,2020,"23809,2"
18/01/2020,"31,7","20,5","26,1","73,95833333","1,291666667","26,3247",0,2020,"26324,7"
19/01/2020,"32,2",21,"26,6","75,16666667","1,458333333","25,8506",0,2020,"25850,6"
20/01/2020,"32,9","20,9","26,9","75,20833333","1,708333333","25,4572",0,2020,"25457,2"
21/01/2020,"31,5","21,3","26,4","75,16666667","1,708333333","20,6906",0,2020,"20690,6"
22/01/2020,"26,6","19,8","23,2","83,91666667","2,208333333","9,8655","81,8",2020,"9865,5"
23/01/2020,"23,9","19,7","21,8","80,54166667","2,375","7,2816","0,2",2020,"7281,6"
24/01/2020,"28,9","17,5","23,2","77,91666667","1,375","27,3293",0,2020,"27329,3"
25/01/2020,"32,5","17,2","24,85","73,04166667","1,208333333","26,2415",0,2020,"26241,5"
26/01/2020,"33,5","18,1","25,8","71,83333333",1,"27,1815",0,2020,"27181,5"
27/01/2020,"33,9","17,5","25,7","68,66666667","1,291666667","25,9494",0,2020,"25949,4"
28/01/2020,"34,9","19,1",27,"68,08333333","1,208333333","22,2639",0,2020,"22263,9"
29/01/2020,"32,6","20,8","26,7","77,04166667","1,625","15,4538","26,2",2020,"15453,8"
30/01/2020,"27,4","19,1","23,25",86,"1,75","11,143","35,4",2020,11143
31/01/2020,"30,5","19,9","25,2","79,79166667","0,8333333333","19,4224",0,2020,"19422,4"
01/02/2020,"31,7","20,1","25,9","78,16666667","1,125","21,4893",0,2020,"21489,3"
02/02/2020,"29,4","20,8","25,1","86,20833333","0,75","11,1859","46,8",2020,"11185,9"
03/02/2020,"31,1","16,3","23,7","77,875","0,8333333333","24,928",0,2020,24928
04/02/2020,"31,2","20,3","25,75","71,25","1,708333333","23,9687",0,2020,"23968,7"
05/02/2020,33,"20,4","26,7","74,125","1,666666667","22,4341",0,2020,"22434,1"
06/02/2020,34,"20,5","27,25","73,66666667","1,166666667","25,9037",0,2020,"25903,7"
07/02/2020,"33,1","20,4","26,75","74,125","1,625","21,3988",0,2020,"21398,8"
08/02/2020,"33,1","20,9",27,"73,04166667",1,"21,16",0,2020,21160
09/02/2020,"34,4","21,7","28,05","72,20833333","2,041666667","23,2846",0,2020,"23284,6"
10/02/2020,"33,9","20,4","27,15","76,25","1,458333333","22,4031",22,2020,"22403,1"
11/02/2020,"31,4","20,8","26,1","78,58333333","1,083333333","19,2724","0,6",2020,"19272,4"
12/02/2020,"31,7","20,9","26,3","68,3","1,4","14,9943",0,2020,"14994,3"
13/02/2020,"33,8","20,5","27,15","62,20833333","1,75","25,9684",0,2020,"25968,4"
14/02/2020,31,"19,6","25,3","63,08333333","1,291666667","17,0579",0,2020,"17057,9"
15/02/2020,"32,3","21,1","26,7",64,"1,666666667","15,0942",0,2020,"15094,2"
16/02/2020,35,"21,4","28,2","69,08333333","2,208333333","14,0491","5,6",2020,"14049,1"
17/02/2020,"36,1","21,7","28,9","71,91666667",2,"19,6878","0,2",2020,"19687,8"
18/02/2020,"35,2","24,1","29,65","71,41666667","2,416666667","20,3461","0,8",2020,"20346,1"
19/02/2020,"34,6","21,9","28,25","73,95833333","1,375","21,8082",0,2020,"21808,2"
20/02/2020,"34,9","23,1",29,"69,33333333","0,375","22,088",0,2020,22088
21/02/2020,"31,5","19,6","25,55","61,5","1,416666667","24,6124",0,2020,"24612,4"
22/02/2020,"29,8","13,4","21,6","50,75","5,25","26,8392",0,2020,"26839,2"
23/02/2020,"31,1","12,9",22,"62,75","1,666666667","22,3789",0,2020,"22378,9"
24/02/2020,"33,9","20,4","27,15","65,25","1,666666667","21,4852",0,2020,"21485,2"
25/02/2020,"34,5",24,"29,25","71,41666667","1,166666667","15,1598","0,2",2020,"15159,8"
26/02/2020,"29,5","21,2","25,35","76,33333333","2,958333333","16,5161","6,2",2020,"16516,1"
27/02/2020,"30,1","14,7","22,4","63,25","1,333333333","25,379",0,2020,25379
28/02/2020,33,"13,9","23,45","58,86956522",0,"22,232",0,2020,22232
29/02/2020,"32,8","18,5","25,65","58,16666667",0,"22,462",0,2020,22462
01/03/2020,34,"19,6","26,8","50,58333333",0,"23,6326",0,2020,"23632,6"
02/03/2020,"31,2","16,5","23,85","58,95833333",0,"20,9346","0,4",2020,"20934,6"
03/03/2020,"31,9","15,6","23,75","62,33333333",0,"25,0199",0,2020,"25019,9"
04/03/2020,"33,2","17,7","25,45","59,125",0,"24,5163",0,2020,"24516,3"
05/03/2020,"34,2","16,1","25,15","55,91666667","0,8333333333","24,5245","0,4",2020,"24524,5"
06/03/2020,"34,5","16,6","25,55","52,54166667","1,75","24,0502",0,2020,"24050,2"
07/03/2020,"33,6","18,9","26,25","57,95833333","2,208333333","17,6197","0,4",2020,"17619,7"
08/03/2020,"33,1","17,6","25,35","63,41666667","2,333333333","22,0018","2,8",2020,"22001,8"
09/03/2020,"34,7","18,9","26,8","56,81818182","1,954545455","20,4396",0,2020,"20439,6"
10/03/2020,"35,7","18,9","27,3","50,41666667","2,083333333","22,7077",0,2020,"22707,7"
11/03/2020,"36,4","16,9","26,65",49,"1,666666667","23,6705",0,2020,"23670,5"
12/03/2020,"37,2","21,9","29,55","52,375","2,208333333","22,7181",0,2020,"22718,1"
13/03/2020,"38,4","21,8","30,1","59,41666667","2,666666667","21,142","3,6",2020,21142
14/03/2020,"37,3","20,6","28,95","54,91666667","1,833333333","22,8935",0,2020,"22893,5"
15/03/2020,"37,3","19,9","28,6","44,58333333","2,125","21,1609",0,2020,"21160,9"
16/03/2020,"37,5",20,"28,75","54,79166667","1,125","18,6022",0,2020,"18602,2"
17/03/2020,"36,4","20,8","28,6","60,79166667","2,041666667","22,2225",0,2020,"22222,5"
18/03/2020,"31,3","21,8","26,55","79,04166667",2,"7,469","9,2",2020,7469
19/03/2020,"29,9",20,"24,95","84,91666667","1,25","11,3165","2,2",2020,"11316,5"
20/03/2020,"28,7","18,6","23,65","72,16666667","2,5","23,2465","0,4",2020,"23246,5"
21/03/2020,"30,4","12,9","21,65","61,58333333","1,791666667","23,4196",0,2020,"23419,6"
22/03/2020,33,"15,4","24,2","59,5","1,75","22,2374",0,2020,"22237,4"
23/03/2020,"32,8","20,1","26,45",56,"1,708333333","22,2323",0,2020,"22232,3"
24/03/2020,"31,3","19,2","25,25","48,75","2,5","22,0555",0,2020,"22055,5"
25/03/2020,"32,9","17,8","25,35","52,76190476","2,333333333","15,6046",0,2020,"15604,6"
26/03/2020,"32,8","15,5","24,15","52,45833333",2,"20,9235",0,2020,"20923,5"
27/03/2020,"33,2","16,6","24,9","53,29166667","1,916666667","18,9589",0,2020,"18958,9"
28/03/2020,"32,4","21,9","27,15","54,875","2,416666667","14,4931",0,2020,"14493,1"
29/03/2020,"32,9","21,1",27,"69,33333333","1,458333333","20,5911",0,2020,"20591,1"
30/03/2020,"32,9","20,8","26,85","67,58333333","1,25","17,4973",0,2020,"17497,3"
31/03/2020,35,"20,9","27,95","67,04166667","1,666666667","15,963",0,2020,15963
01/04/2020,"35,1","19,7","27,4","65,79166667","1,333333333","16,9363",0,2020,"16936,3"
02/04/2020,"34,9","21,7","28,3","70,04166667","1,916666667","9,6767","12,4",2020,"9676,7"
03/04/2020,"23,9","14,3","19,1","66,75","4,083333333","21,9875",0,2020,"21987,5"
04/04/2020,"28,1","9,7","18,9","63,66666667","1,208333333","21,397",0,2020,21397
05/04/2020,"33,1","12,8","22,95","57,58333333",2,"19,9887",0,2020,"19988,7"
06/04/2020,"26,8","19,4","23,1","73,43478261","2,043478261","1,9684","39,8",2020,"1968,4"
07/04/2020,"26,5","16,7","21,6","78,5","2,75","19,4051",0,2020,"19405,1"
08/04/2020,"25,1","12,2","18,65","66,75","2,791666667","20,2384",0,2020,"20238,4"
09/04/2020,"25,7","10,8","18,25","62,41666667","2,416666667","20,6221",0,2020,"20622,1"
10/04/2020,"24,9","9,3","17,1","64,79166667","2,583333333","20,2973",0,2020,"20297,3"
11/04/2020,"26,1","8,9","17,5","64,08333333","1,666666667","20,702",0,2020,20702
12/04/2020,"29,8","10,3","20,05","60,45833333","1,5","20,0864",0,2020,"20086,4"
13/04/2020,"30,4","15,3","22,85","62,91666667","1,833333333","15,2298","0,6",2020,"15229,8"
14/04/2020,"22,4","16,1","19,25","77,45833333","2,791666667","16,3863","5,2",2020,"16386,3"
15/04/2020,"21,2","6,4","13,8","64,5","2,25","20,0252",0,2020,"20025,2"
16/04/2020,"22,9","6,1","14,5","62,25","1,958333333","19,7161",0,2020,"19716,1"
17/04/2020,"24,3","7,2","15,75","64,17391304","1,52173913","14,462",0,2020,14462
18/04/2020,"28,8","10,8","19,8","66,91666667",1,"17,3219",0,2020,"17321,9"
19/04/2020,29,"14,1","21,55","64,79166667","2,083333333","18,691",0,2020,18691
20/04/2020,"29,2","12,8",21,"66,45833333","1,541666667","18,6277",0,2020,"18627,7"
21/04/2020,"29,9","13,8","21,85","64,20833333","1,875","18,6286",0,2020,"18628,6"
22/04/2020,"30,3","12,9","21,6","63,54166667","1,791666667","18,3527",0,2020,"18352,7"
23/04/2020,"30,1","13,4","21,75","61,91666667","1,833333333","18,0415",0,2020,"18041,5"
24/04/2020,"29,9","14,7","22,3","55,20833333","2,166666667","18,4648",0,2020,"18464,8"
25/04/2020,"32,8","16,1","24,45","57,91666667","1,666666667","16,9384",0,2020,"16938,4"
26/04/2020,"33,1","22,1","27,6","63,25","1,458333333","14,8065","0,2",2020,"14806,5"
27/04/2020,"24,9","18,4","21,65","68,46153846","1,230769231","1,0316",0,2020,"1031,6"
28/04/2020,"31,1","20,1","25,6","50,35714286","2,214285714","16,8288",0,2020,"16828,8"
29/04/2020,"30,9","18,4","24,65","57,41666667","1,375","14,7975",0,2020,"14797,5"
30/04/2020,"31,5","16,9","24,2","63,85714286","1,428571429","14,4556",0,2020,"14455,6"
01/05/2020,"30,5","16,1","23,3","70,09090909","1,909090909","11,1684",0,2020,"11168,4"
02/05/2020,"28,1","16,8","22,45","68,82608696","2,130434783","13,9201",0,2020,"13920,1"
03/05/2020,"28,8","8,4","18,6","54,20833333","1,625","17,1212",0,2020,"17121,2"
04/05/2020,"29,1","14,3","21,7","57,41666667","2,041666667","15,6213",0,2020,"15621,3"
05/05/2020,"25,9","18,1",22,"62,79166667",2,"8,1294",0,2020,"8129,4"
06/05/2020,"21,3","12,5","16,9","76,5","4,166666667","11,8677","29,6",2020,"11867,7"
07/05/2020,"18,1","4,5","11,3","71,66666667","2,708333333","17,2546",0,2020,"17254,6"
08/05/2020,"23,3","4,9","14,1","71,66666667","1,125","16,6012",0,2020,"16601,2"
09/05/2020,"26,7","7,2","16,95","63,79166667","1,75","16,4575",0,2020,"16457,5"
10/05/2020,"29,5","12,9","21,2","60,625","1,25","15,8359",0,2020,"15835,9"
11/05/2020,"31,3","16,6","23,95","52,125","1,541666667","14,9667",0,2020,"14966,7"
12/05/2020,25,"17,2","21,1","74,83333333","1,666666667","1,5123","23,4",2020,"1512,3"
13/05/2020,"23,6","18,5","21,05","88,79166667","1,958333333","4,724","11,4",2020,4724
14/05/2020,"21,6","15,4","18,5","79,66666667","3,375","11,6141",0,2020,"11614,1"
15/05/2020,"21,3","6,7",14,"73,875","1,458333333","15,9261",0,2020,"15926,1"
16/05/2020,"21,7","5,2","13,45","77,45833333","1,125","15,164",0,2020,15164
17/05/2020,"25,7","5,8","15,75","71,20833333","1,041666667","15,4339",0,2020,"15433,9"
18/05/2020,"28,2","9,9","19,05","68,875","1,291666667","15,023",0,2020,15023
19/05/2020,"28,8","11,4","20,1","62,5","1,75","14,4964",0,2020,"14496,4"
20/05/2020,"29,5","16,7","23,1","57,20833333","1,583333333","13,2708",0,2020,"13270,8"
21/05/2020,"29,9","20,2","25,05","56,04166667","2,416666667","13,1551",0,2020,"13155,1"
22/05/2020,"26,2","14,1","20,15","85,25","2,541666667","1,2912","101,2",2020,"1291,2"
23/05/2020,"14,4","8,9","11,65","86,875","4,708333333","3,2904","1,6",2020,"3290,4"
24/05/2020,"17,4","10,1","13,75","80,04166667","1,916666667","10,9291","0,2",2020,"10929,1"
25/05/2020,"20,4","4,9","12,65","77,83333333",1,"14,631",0,2020,14631
26/05/2020,"18,7","5,3",12,"75,95833333","1,333333333","14,7611",0,2020,"14761,1"
27/05/2020,"22,8","5,5","14,15","75,125","1,25","14,6357",0,2020,"14635,7"
28/05/2020,"26,1","7,2","16,65","67,58333333","1,458333333","14,5261",0,2020,"14526,1"
29/05/2020,"25,2",8,"16,6","63,91666667","1,166666667","13,5209",0,2020,"13520,9"
30/05/2020,"26,8","8,1","17,45","64,5","1,458333333","13,6403",0,2020,"13640,3"
31/05/2020,"25,2","12,7","18,95","71,65217391","1,956521739","6,4557","1,8",2020,"6455,7"
01/06/2020,"17,4",0,"8,7","92,29166667","1,916666667","2,1515","1,2",2020,"2151,5"
02/06/2020,"17,4","9,5","13,45","84,375","2,291666667","8,1206","0,2",2020,"8120,6"
03/06/2020,"20,9","6,4","13,65","80,91666667","1,166666667","10,2943",0,2020,"10294,3"
04/06/2020,"20,8","15,6","18,2","89,58333333","1,208333333","2,7839","16,4",2020,"2783,9"
05/06/2020,22,"12,2","17,1","87,58333333","2,208333333","3,5783","19,2",2020,"3578,3"
06/06/2020,"17,5","9,7","13,6","83,375","1,333333333","9,4613","0,8",2020,"9461,3"
07/06/2020,"23,5","6,7","15,1","79,26086957","1,260869565","13,1472",0,2020,"13147,2"
08/06/2020,"25,8","14,2",20,"74,40909091","1,909090909","7,5036","0,2",2020,"7503,6"
09/06/2020,"28,9","20,1","24,5","82,91666667","1,166666667","8,6113","1,6",2020,"8611,3"
10/06/2020,"30,1","20,1","25,1","80,5","1,333333333","11,7503","0,6",2020,"11750,3"
11/06/2020,"30,7","20,7","25,7","74,75","1,375","11,058",0,2020,11058
12/06/2020,"29,4","17,6","23,5","70,41666667","1,333333333","12,3347",0,2020,"12334,7"
13/06/2020,23,"16,3","19,65","80,25","2,083333333","2,0774","0,8",2020,"2077,4"
14/06/2020,"21,5","8,6","15,05","79,16666667","2,625","10,9",0,2020,10900
15/06/2020,"26,3","15,2","20,75","77,04166667","1,25","12,3116",0,2020,"12311,6"
16/06/2020,"27,2","15,9","21,55","68,375","2,041666667","12,5814",0,2020,"12581,4"
17/06/2020,"27,6","18,6","23,1","62,58333333","2,583333333","12,3954",0,2020,"12395,4"
18/06/2020,"27,6","18,6","23,1","63,41666667","2,208333333","12,1508",0,2020,"12150,8"
19/06/2020,"28,9","18,4","23,65","65,29166667","1,958333333","12,2503",0,2020,"12250,3"
20/06/2020,"29,6","18,2","23,9","64,70833333","1,75","12,7496",0,2020,"12749,6"
21/06/2020,"29,7","15,4","22,55","59,5","1,5","13,019",0,2020,13019
22/06/2020,"28,7","15,4","22,05","62,25","1,75","12,9189",0,2020,"12918,9"
23/06/2020,"28,6","15,6","22,1","57,375","1,833333333","12,9023",0,2020,"12902,3"
24/06/2020,"28,8","14,8","21,8","53,29166667","2,25","12,8354",0,2020,"12835,4"
25/06/2020,"23,8","15,2","19,5","65,58333333",3,"2,8949",0,2020,"2894,9"
26/06/2020,"15,8","6,5","11,15","84,75","2,458333333","6,5228","5,8",2020,"6522,8"
27/06/2020,"16,6","10,1","13,35","86,04166667","1,75","7,118","3,4",2020,7118
28/06/2020,"22,4",8,"15,2",84,"0,6666666667","8,7551",0,2020,"8755,1"
29/06/2020,"22,2","13,3","17,75","72,26086957","1,913043478","6,9562","0,8",2020,"6956,2"
30/06/2020,24,"12,8","18,4","77,25","2,75","5,5062","23,8",2020,"5506,2"
01/07/2020,"15,1","8,5","11,8","77,375","3,083333333","5,9188",0,2020,"5918,8"
02/07/2020,"15,2","7,7","11,45","78,91666667","1,708333333","11,1686",0,2020,"11168,6"
03/07/2020,"17,1","1,8","9,45","77,83333333","1,416666667","13,919",0,2020,13919
04/07/2020,"24,1","5,7","14,9","66,08333333","2,041666667","12,3313",0,2020,"12331,3"
05/07/2020,"24,5","17,3","20,9","63,625","1,791666667","5,8862",0,2020,"5886,2"
06/07/2020,"27,2","16,1","21,65","79,83333333","1,333333333","9,0883","2,6",2020,"9088,3"
07/07/2020,"26,2","17,2","21,7","80,66666667","1,833333333","5,8422","9,8",2020,"5842,2"
08/07/2020,"17,3","9,8","13,55","88,54166667","2,583333333","3,2344","25,6",2020,"3234,4"
09/07/2020,"17,3","7,6","12,45","76,20833333","1,5","14,1522",0,2020,"14152,2"
10/07/2020,"24,3","4,8","14,55","71,83333333","1,875","13,5509",0,2020,"13550,9"
11/07/2020,28,17,"22,5","65,875","1,708333333","11,9671",0,2020,"11967,1"
12/07/2020,"26,8","18,4","22,6","68,58333333","1,375","11,1256",0,2020,"11125,6"
13/07/2020,"27,2","14,9","21,05","78,66666667","1,25","10,4987",0,2020,"10498,7"
14/07/2020,"20,3","11,7",16,"77,25","3,083333333","14,0167",0,2020,"14016,7"
15/07/2020,"25,1",6,"15,55","72,58333333","0,9583333333","13,4262",0,2020,"13426,2"
16/07/2020,"25,2",15,"20,1","69,08333333",2,"12,11",0,2020,12110
17/07/2020,"30,1","17,6","23,85","63,58333333","1,583333333","12,9121",0,2020,"12912,1"
18/07/2020,30,"17,5","23,75","58,79166667","2,416666667","13,6413",0,2020,"13641,3"
19/07/2020,"29,2","16,6","22,9","52,91666667","1,541666667","13,8269",0,2020,"13826,9"
20/07/2020,29,"15,8","22,4","54,29166667","1,875","14,2273",0,2020,"14227,3"
21/07/2020,"29,1","14,9",22,"55,41666667",2,"14,2153",0,2020,"14215,3"
22/07/2020,"28,8","14,6","21,7","56,20833333","1,791666667","13,7929",0,2020,"13792,9"
23/07/2020,"30,1","13,8","21,95","54,54166667","1,916666667","14,4659",0,2020,"14465,9"
24/07/2020,"30,3",17,"23,65","50,33333333","2,125","13,7871",0,2020,"13787,1"
25/07/2020,"23,5","8,6","16,05","79,66666667","3,833333333","8,1892","1,4",2020,"8189,2"
26/07/2020,22,3,"12,5","76,70833333","1,125","10,3372",0,2020,"10337,2"
27/07/2020,"27,8","15,2","21,5","69,20833333","1,041666667","12,4537",0,2020,"12453,7"
28/07/2020,"21,2","11,6","16,4","74,66666667","2,458333333","4,8642","3,2",2020,"4864,2"
29/07/2020,"16,5","7,3","11,9","79,04166667","3,916666667","14,9768","0,4",2020,"14976,8"
30/07/2020,"24,1","3,1","13,6","74,20833333","1,291666667","14,651",0,2020,14651
31/07/2020,"25,6",13,"19,3","64,625","2,041666667","14,8455",0,2020,"14845,5"
01/08/2020,"29,8","11,9","20,85","63,75","1,125","15,346",0,2020,15346
02/08/2020,"29,4",14,"21,7","56,625","2,166666667","15,8002",0,2020,"15800,2"
03/08/2020,29,"11,4","20,2","52,5","2,041666667","15,7771",0,2020,"15777,1"
04/08/2020,"29,1","14,1","21,6","52,375","2,208333333","15,654",0,2020,15654
05/08/2020,"29,1","12,5","20,8","52,04347826","1,739130435","15,3451",0,2020,"15345,1"
06/08/2020,"30,6","12,1","21,35","53,25","1,416666667","15,8943",0,2020,"15894,3"
07/08/2020,"29,5","13,6","21,55","53,2173913",2,"14,5349",0,2020,"14534,9"
08/08/2020,"30,4","12,2","21,3","52,04166667","1,875","16,1349",0,2020,"16134,9"
09/08/2020,"30,7","10,9","20,8","50,95833333","1,875","16,2835",0,2020,"16283,5"
10/08/2020,"30,7","15,1","22,9","46,54166667","1,75","16,0618",0,2020,"16061,8"
11/08/2020,31,15,23,"46,20833333","1,833333333","13,6495",0,2020,"13649,5"
12/08/2020,"23,7","13,8","18,75","82,95833333","2,625","1,5185","13,4",2020,"1518,5"
13/08/2020,"16,4","13,7","15,05","93,33333333","1,125","2,5613","7,2",2020,"2561,3"
14/08/2020,28,"12,3","20,15","84,25","0,9166666667","10,8979","0,2",2020,"10897,9"
15/08/2020,"24,2","16,4","20,3","88,16666667","2,208333333","2,242","47,8",2020,2242
16/08/2020,"23,7","16,4","20,05","87,7826087","1,434782609","8,4523","11,2",2020,"8452,3"
17/08/2020,"24,8","17,5","21,15","86,25","0,9583333333","9,0871",0,2020,"9087,1"
18/08/2020,"20,7","17,3",19,"90,54166667","1,333333333","2,5971","16,8",2020,"2597,1"
19/08/2020,"18,8","14,3","16,55","91,29166667","1,25","2,4153",55,2020,"2415,3"
20/08/2020,"15,3","8,9","12,1","79,375","3,583333333","6,5575","0,4",2020,"6557,5"
21/08/2020,"14,1","0,6","7,35","61,79166667","3,833333333","18,8357",0,2020,"18835,7"
22/08/2020,"19,7","0,5","10,1","59,95833333","1,375","18,5057",0,2020,"18505,7"
23/08/2020,"24,3",7,"15,65","61,79166667","2,708333333","18,3242",0,2020,"18324,2"
24/08/2020,"27,2",15,"21,1","53,625","2,5","15,6259",0,2020,"15625,9"
25/08/2020,"28,9","16,4","22,65","52,16666667","2,166666667","17,2728",0,2020,"17272,8"
26/08/2020,"29,5","17,9","23,7","45,91666667","2,333333333","17,3203",0,2020,"17320,3"
27/08/2020,"32,3","16,8","24,55","44,20833333","2,333333333","17,6714",0,2020,"17671,4"
28/08/2020,"32,7","19,2","25,95","42,52173913","2,086956522","15,875",0,2020,15875
29/08/2020,"33,8","18,4","26,1","46,375","2,291666667","18,1734",0,2020,"18173,4"
30/08/2020,35,"18,3","26,65","45,29166667","2,25","17,1065",0,2020,"17106,5"
31/08/2020,"34,4","15,3","24,85","69,75","1,041666667","16,3271",0,2020,"16327,1"
01/09/2020,"33,5","16,7","25,1","64,41666667","1,25","17,1602",0,2020,"17160,2"
02/09/2020,"31,9","17,2","24,55",60,"1,708333333","15,0189",0,2020,"15018,9"
03/09/2020,"25,8","13,5","19,65","70,45833333","2,25","14,0756",0,2020,"14075,6"
04/09/2020,"28,4","11,9","20,15","66,16666667","1,791666667","14,7394",0,2020,"14739,4"
05/09/2020,"35,7","16,4","26,05","57,25","1,583333333","15,5746",0,2020,"15574,6"
06/09/2020,"35,3","20,2","27,75","45,40909091","2,045454545","13,2977",0,2020,"13297,7"
07/09/2020,"24,8","16,9","20,85","77,625","2,083333333","8,806",0,2020,8806
08/09/2020,"23,7","16,7","20,2","82,08333333","1,916666667","10,0034",0,2020,"10003,4"
09/09/2020,"32,3","16,4","24,35","69,375","1,25","14,4429",0,2020,"14442,9"
10/09/2020,"34,5","18,8","26,65","61,70833333","1,708333333","16,6267",0,2020,"16626,7"
11/09/2020,"37,2","19,1","28,15","52,25",2,"15,3697",0,2020,"15369,7"
12/09/2020,"35,3","22,3","28,8","39,20833333","1,666666667","12,6599",0,2020,"12659,9"
13/09/2020,37,"20,8","28,9",38,"2,5","16,6895",0,2020,"16689,5"
14/09/2020,"29,7","18,4","24,05","55,5","3,625","10,9392",0,2020,"10939,2"
15/09/2020,"28,2",15,"21,6","76,18181818","1,636363636","8,4388",0,2020,"8438,8"
16/09/2020,"31,5","20,5",26,"56,70588235","2,588235294","12,1531",0,2020,"12153,1"
17/09/2020,"23,4","17,7","20,55","77,26086957","1,826086957","3,8619","4,8",2020,"3861,9"
18/09/2020,"29,4","14,1","21,75","80,52173913","1,086956522","15,0931",0,2020,"15093,1"
19/09/2020,"31,7","14,1","22,9","60,41666667","2,375","20,7015",0,2020,"20701,5"
20/09/2020,"27,9","12,8","20,35","58,91666667","4,333333333","20,0262",0,2020,"20026,2"
21/09/2020,"27,2","13,5","20,35","50,95652174","3,956521739","16,5599",0,2020,"16559,9"
22/09/2020,"29,3","11,4","20,35",57,"1,458333333","15,6604",0,2020,"15660,4"
23/09/2020,"31,7","14,2","22,95","56,08333333","1,958333333","21,8766",0,2020,"21876,6"
24/09/2020,"33,7","16,7","25,2","49,54166667","2,25","22,1992",0,2020,"22199,2"
25/09/2020,"35,9","19,2","27,55","45,04166667","2,416666667","21,4013",0,2020,"21401,3"
26/09/2020,"38,8","21,2",30,"38,08333333","2,916666667","20,9975",0,2020,"20997,5"
27/09/2020,"37,2","24,6","30,9","41,25","2,458333333","14,079",0,2020,14079
28/09/2020,30,"17,7","23,85","73,86956522","3,869565217","11,0282","5,8",2020,"11028,2"
29/09/2020,"35,2","13,9","24,55","63,36842105","1,684210526","12,8202",0,2020,"12820,2"
30/09/2020,"40,5","23,4","31,95","47,125","2,166666667","20,3248",0,2020,"20324,8"
01/10/2020,"40,3","23,6","31,95","40,33333333","1,541666667","18,732",0,2020,18732
02/10/2020,"40,1","22,8","31,45","41,08333333","1,791666667","18,684",0,2020,18684
03/10/2020,40,"22,4","31,2","49,125","2,458333333","17,8005",0,2020,"17800,5"
04/10/2020,"34,6","18,2","26,4","61,45833333","1,583333333","19,1972",0,2020,"19197,2"
05/10/2020,"31,6","20,2","25,9","64,29166667","1,416666667","20,3547",0,2020,"20354,7"
06/10/2020,"35,2",17,"26,1","61,41666667","2,458333333","20,4329",0,2020,"20432,9"
07/10/2020,"35,8","20,9","28,35","58,20833333","2,208333333","18,9208",0,2020,"18920,8"
08/10/2020,"36,3","20,6","28,45","54,75","2,666666667","18,2038",0,2020,"18203,8"
09/10/2020,"28,2","19,8",24,"60,16666667","3,916666667","11,5868",0,2020,"11586,8"
10/10/2020,"31,1","11,9","21,5","57,45833333","2,25","23,8146",0,2020,"23814,6"
11/10/2020,"34,3","13,6","23,95","44,83333333","1,291666667","23,555",0,2020,23555
12/10/2020,"34,5","18,1","26,3","43,375","1,833333333","22,777",0,2020,22777
13/10/2020,"32,9","18,4","25,65","54,08333333","1,458333333","12,5177","2,6",2020,"12517,7"
14/10/2020,"31,7","18,4","25,05","70,25","3,041666667","9,9315","45,4",2020,"9931,5"
15/10/2020,28,"18,6","23,3","80,04166667","2,166666667","13,6602","12,2",2020,"13660,2"
16/10/2020,"29,1","18,4","23,75","74,5","1,166666667","14,0553",0,2020,"14055,3"
17/10/2020,"30,7","17,8","24,25","58,41666667","2,125","23,1183",0,2020,"23118,3"
18/10/2020,"32,1","18,5","25,3","53,54166667","2,25","23,8693",0,2020,"23869,3"
19/10/2020,35,18,"26,5","55,25","2,375","24,4559",0,2020,"24455,9"
20/10/2020,"35,5","21,6","28,55","54,16666667","2,5","23,9678",0,2020,"23967,8"
21/10/2020,"36,2",21,"28,6","54,58333333","1,958333333","22,2521",0,2020,"22252,1"
22/10/2020,"35,2","21,8","28,5","49,30434783","2,086956522","21,7752",0,2020,"21775,2"
23/10/2020,"35,3","21,2","28,25","45,66666667","2,25","24,3405",0,2020,"24340,5"
24/10/2020,"34,5","22,1","28,3","53,54166667","1,791666667","22,3476",0,2020,"22347,6"
25/10/2020,37,"21,3","29,15","55,83333333","1,916666667","24,8641",0,2020,"24864,1"
26/10/2020,"30,3","19,4","24,85","67,375","2,583333333","11,0124",17,2020,"11012,4"
27/10/2020,"27,9","18,1",23,"67,5","2,416666667","26,8189",0,2020,"26818,9"
28/10/2020,"34,5","13,4","23,95","55,5","1,625","27,1356",0,2020,"27135,6"
29/10/2020,"28,4","20,9","24,65","62,08333333","1,875","6,4296",0,2020,"6429,6"
30/10/2020,"30,4","15,6",23,"69,79166667",3,"23,2133","0,8",2020,"23213,3"
31/10/2020,"29,3","15,5","22,4","64,95833333","1,916666667","24,9593",2,2020,"24959,3"
01/11/2020,"30,1","16,3","23,2","54,25","2,25","23,3776",0,2020,"23377,6"
02/11/2020,"29,5","15,3","22,4","47,91666667","1,875","23,3797",0,2020,"23379,7"
03/11/2020,"31,6","14,8","23,2","45,95833333",2,"26,451",0,2020,26451
04/11/2020,"31,5","14,4","22,95","43,66666667","2,25","27,0168",0,2020,"27016,8"
05/11/2020,"31,5","11,9","21,7","38,75",2,"27,1414",0,2020,"27141,4"
06/11/2020,"34,6","12,9","23,75","37,20833333","1,541666667","27,2828",0,2020,"27282,8"
07/11/2020,"35,9",18,"26,95","38,04166667","2,125","25,8584",0,2020,"25858,4"
08/11/2020,"34,6","19,9","27,25","46,79166667","2,208333333","15,4124",0,2020,"15412,4"
09/11/2020,"27,1","19,4","23,25","71,70833333","2,25","5,209",5,2020,5209
10/11/2020,"26,7","17,9","22,3","81,83333333","1,458333333","10,5008",0,2020,"10500,8"
11/11/2020,"31,4","19,1","25,25","76,29166667","0,9583333333","22,3266","0,8",2020,"22326,6"
12/11/2020,"33,1","18,6","25,85","71,70833333","1,875","20,342","4,4",2020,20342
13/11/2020,"33,6","16,8","25,2","65,29166667","1,666666667","26,833",0,2020,26833
14/11/2020,"36,8","17,6","27,2","51,41666667","2,125","26,6293",0,2020,"26629,3"
15/11/2020,"29,2","19,9","24,55","71,41666667","1,75","7,3276","7,2",2020,"7327,6"
16/11/2020,"31,2","18,2","24,7","74,29166667","1,708333333","22,962",0,2020,22962
17/11/2020,32,"17,7","24,85","62,04166667","2,5","20,4144",0,2020,"20414,4"
18/11/2020,"25,1","16,3","20,7","78,66666667",2,"5,5356",22,2020,"5535,6"
19/11/2020,"28,7","14,3","21,5","74,45833333","2,041666667","26,4629",0,2020,"26462,9"
20/11/2020,31,"13,8","22,4","59,20833333","1,375","27,4547",0,2020,"27454,7"
21/11/2020,"32,2","14,5","23,35","50,625","1,416666667","26,7109",0,2020,"26710,9"
22/11/2020,"34,3","15,6","24,95","49,33333333","1,416666667","27,1943",0,2020,"27194,3"
23/11/2020,35,"18,3","26,65","46,83333333","2,083333333","26,5622",0,2020,"26562,2"
24/11/2020,36,"19,4","27,7","43,8125","1,9375","5,9655",0,2020,"5965,5"
25/11/2020,"37,4","21,3","29,35","45,95833333","2,458333333","24,6221",0,2020,"24622,1"
26/11/2020,32,"23,2","27,6","55,08333333","2,5","14,3226",0,2020,"14322,6"
27/11/2020,"36,4","21,1","28,75","63,45833333","1,791666667","22,2543",0,2020,"22254,3"
28/11/2020,"37,3","21,8","29,55","54,66666667","2,083333333","26,2282",0,2020,"26228,2"
29/11/2020,"36,3","21,1","28,7","58,29166667","2,541666667","17,5282","1,4",2020,"17528,2"
30/11/2020,"25,4","19,6","22,5","77,79166667",2,"6,9436",5,2020,"6943,6"
01/12/2020,"32,9","21,1",27,"78,41666667","0,4583333333","21,1524","0,4",2020,"21152,4"
02/12/2020,"35,3","21,9","28,6","65,04166667","1,833333333","22,2448",0,2020,"22244,8"
03/12/2020,"28,8","18,9","23,85","82,45833333","2,041666667","7,4381",67,2020,"7438,1"
04/12/2020,"22,3","19,4","20,85","91,04166667","1,458333333","3,5577","36,6",2020,"3557,7"
05/12/2020,"23,5","20,2","21,85","91,45833333","1,833333333","4,0373","13,8",2020,"4037,3"
06/12/2020,"26,3","18,4","22,35",84,"1,458333333","10,404",0,2020,10404
07/12/2020,"30,5","17,2","23,85","72,625","1,416666667","27,5457","0,2",2020,"27545,7"
08/12/2020,"31,8","15,3","23,55","63,375","1,166666667","28,4365",0,2020,"28436,5"
09/12/2020,"33,2","15,1","24,15","58,70833333","1,416666667","28,5919",0,2020,"28591,9"
10/12/2020,"34,2","15,9","25,05","57,66666667","1,333333333","27,6059",0,2020,"27605,9"
11/12/2020,"34,1",21,"27,55","60,66666667","1,791666667","27,2163",0,2020,"27216,3"
12/12/2020,"33,8","21,2","27,5","62,75","1,375","27,5245",0,2020,"27524,5"
13/12/2020,"34,9",22,"28,45","68,20833333","1,958333333","23,7729","8,8",2020,"23772,9"
14/12/2020,"27,7","19,6","23,65","85,625","1,333333333","11,7096","35,2",2020,"11709,6"
15/12/2020,"32,4","18,6","25,5","76,41666667","1,041666667","27,4529",0,2020,"27452,9"
16/12/2020,"24,5","18,9","21,7","87,375","2,333333333","2,8783","37,4",2020,"2878,3"
17/12/2020,"27,4","19,3","23,35","85,625","1,125","12,7818","7,4",2020,"12781,8"
18/12/2020,"31,9","20,3","26,1","83,45833333","0,8333333333","18,1038",0,2020,"18103,8"
19/12/2020,"34,3",20,"27,15",76,"1,625","26,0776",1,2020,"26077,6"
20/12/2020,"27,8","22,4","25,1","78,58333333","2,083333333","11,0276",0,2020,"11027,6"
21/12/2020,"28,6","21,2","24,9","82,95833333","2,125","14,6542","1,6",2020,"14654,2"
22/12/2020,"30,7","16,2","23,45","69,66666667","2,208333333","28,2302",0,2020,"28230,2"
23/12/2020,"33,1","15,6","24,35","70,625","1,291666667","27,0029",0,2020,"27002,9"
24/12/2020,"33,6","20,5","27,05","71,54166667","1,583333333","27,3975",0,2020,"27397,5"
25/12/2020,"31,7","20,6","26,15","68,20833333","2,125","25,5599",0,2020,"25559,9"
26/12/2020,"32,1","19,2","25,65","68,95833333","1,791666667","26,0512",0,2020,"26051,2"
27/12/2020,34,"17,4","25,7","70,04166667","1,833333333","27,4041",0,2020,"27404,1"
28/12/2020,"31,2",20,"25,6","79,5","1,833333333","16,793","0,8",2020,16793
29/12/2020,"30,4","20,1","25,25","82,7826087","1,52173913","15,4698","0,2",2020,"15469,8"
30/12/2020,"34,1","19,7","26,9","77,625","1,166666667","25,1293","0,6",2020,"25129,3"
31/12/2020,"28,7","21,4","25,05","84,08333333","0,875","11,5264","2,6",2020,"11526,4"
01/01/2021,"31,1","20,1","25,6","77,79166667","1,041666667","23,9279",0,2021,"23927,9"
02/01/2021,33,"18,4","25,7","72,04166667","1,208333333","27,4843",0,2021,"27484,3"
03/01/2021,"33,4","18,5","25,95","72,45833333","1,541666667","24,8221",0,2021,"24822,1"
04/01/2021,"30,4","20,5","25,45","69,875",2,"22,5375",0,2021,"22537,5"
05/01/2021,"24,7","20,6","22,65","87,125","1,333333333","7,9891","20,8",2021,"7989,1"
06/01/2021,"30,8","20,4","25,6","82,08333333","1,625","23,2541","3,6",2021,"23254,1"
07/01/2021,"26,5","19,9","23,2","85,125","1,25","9,971","9,4",2021,9971
08/01/2021,"30,4","19,9","25,15","81,75","0,5833333333","18,6527",0,2021,"18652,7"
09/01/2021,"32,8","20,6","26,7","79,375","1,291666667","20,1408","1,2",2021,"20140,8"
10/01/2021,"33,3","20,8","27,05","81,875","1,083333333","18,08","0,4",2021,18080
11/01/2021,"33,7","20,3",27,"78,66666667","1,25","24,4929",0,2021,"24492,9"
12/01/2021,"33,8","22,5","28,15","81,25","1,541666667","13,7332","3,4",2021,"13733,2"
13/01/2021,"33,5","20,4","26,95","83,33333333","1,583333333","21,3361","0,4",2021,"21336,1"
14/01/2021,"32,6","21,6","27,1","78,20833333","1,708333333","21,9344","7,2",2021,"21934,4"
15/01/2021,"32,1","20,8","26,45","76,33333333","2,166666667","22,8529","0,2",2021,"22852,9"
16/01/2021,"29,1","22,1","25,6",83,"1,791666667","16,7088","3,4",2021,"16708,8"
17/01/2021,"26,7","20,3","23,5","87,83333333","2,083333333","9,7573",34,2021,"9757,3"
18/01/2021,"27,7","20,1","23,9","83,25","2,75","20,2845",0,2021,"20284,5"
19/01/2021,"28,7","19,9","24,3","85,55","1,5","10,0758","22,8",2021,"10075,8"
20/01/2021,"26,7","20,6","23,65","92,08333333","1,583333333","8,1617",116,2021,"8161,7"
21/01/2021,"24,4","19,6",22,"91,20833333","1,333333333","11,6093","39,6",2021,"11609,3"
22/01/2021,"29,9","19,9","24,9","86,16666667","1,166666667","11,4556","10,2",2021,"11455,6"
23/01/2021,"31,8","19,1","25,45","79,58333333","1,208333333","23,4326","1,8",2021,"23432,6"
24/01/2021,"29,6","19,9","24,75","82,95833333","1,208333333","17,5709","3,6",2021,"17570,9"
25/01/2021,"25,9","19,9","22,9","87,75","1,333333333","10,0624","5,8",2021,"10062,4"
26/01/2021,"29,6","20,7","25,15","82,25","1,458333333","14,5166","0,4",2021,"14516,6"
27/01/2021,"28,5","20,1","24,3","79,66666667","2,041666667","18,3421","8,6",2021,"18342,1"
28/01/2021,"28,4","21,4","24,9","85,20833333","1,625","12,7063","5,4",2021,"12706,3"
29/01/2021,"28,8","22,1","25,45","88,27272727","1,318181818","12,0191","11,2",2021,"12019,1"
30/01/2021,"29,5","18,7","24,1","88,25","1,875","12,1301","35,6",2021,"12130,1"
31/01/2021,"23,4","18,6",21,"89,33333333","2,416666667","7,3165","55,4",2021,"7316,5"
01/02/2021,"22,5","19,7","21,1","90,04166667","0,9583333333","2,8655","15,6",2021,"2865,5"
02/02/2021,"25,1","18,1","21,6","87,375","1,541666667","4,8973","0,2",2021,"4897,3"
03/02/2021,"32,7","20,3","26,5","82,79166667","1,125","16,8082","2,6",2021,"16808,2"
04/02/2021,"26,4","20,9","23,65","84,375","2,5","16,328","0,2",2021,16328
05/02/2021,"27,2","17,1","22,15",76,"2,875","26,4945",0,2021,"26494,5"
06/02/2021,"27,3","14,9","21,1","71,70833333","2,25","26,5828",0,2021,"26582,8"
07/02/2021,"31,5","13,3","22,4","71,33333333","1,125","26,0219",0,2021,"26021,9"
08/02/2021,"32,2","15,1","23,65","69,41666667","1,125","25,7778",0,2021,"25777,8"
09/02/2021,"28,9","16,5","22,7","76,41666667","1,166666667","16,8737",0,2021,"16873,7"
10/02/2021,"31,3","17,7","24,5","73,91666667","1,75","21,7167",0,2021,"21716,7"
11/02/2021,"29,7",18,"23,85","76,04166667","2,083333333","18,6896","8,4",2021,"18689,6"
12/02/2021,"28,8","18,4","23,6","80,125","1,458333333","19,058","0,6",2021,19058
13/02/2021,"31,3","17,4","24,35","77,33333333","1,041666667","20,131",0,2021,20131
14/02/2021,"32,5","19,5",26,"79,79166667","1,25","19,7286","1,4",2021,"19728,6"
15/02/2021,"32,3","16,9","24,6","76,875","0,8333333333","24,3976",0,2021,"24397,6"
16/02/2021,"31,7","18,7","25,2","74,04166667","1,833333333","21,0442",0,2021,"21044,2"
17/02/2021,"30,4","18,1","24,25","71,08333333","1,916666667","23,8973",0,2021,"23897,3"
18/02/2021,30,"14,3","22,15","62,16666667","1,916666667","25,6535",0,2021,"25653,5"
19/02/2021,"32,2","12,3","22,25","63,08333333","1,541666667","25,198",0,2021,25198
20/02/2021,"33,2","14,8",24,"61,25","1,25","24,6613",0,2021,"24661,3"
21/02/2021,35,18,"26,5","62,66666667","1,375","23,6997",0,2021,"23699,7"
22/02/2021,"35,2","19,9","27,55","62,79166667","1,416666667","23,8964",0,2021,"23896,4"
23/02/2021,"37,2","20,1","28,65","63,33333333","1,416666667","23,0729","0,2",2021,"23072,9"
24/02/2021,"33,7","21,6","27,65","67,25","1,625","16,3068",0,2021,"16306,8"
25/02/2021,"34,6","20,3","27,45","67,95833333","1,791666667","21,1448",0,2021,"21144,8"
26/02/2021,"34,5","20,7","27,6","60,04166667","2,208333333","22,5557",0,2021,"22555,7"
27/02/2021,"34,5","19,1","26,8","55,83333333","3,083333333","22,0543",0,2021,"22054,3"
28/02/2021,"33,4",19,"26,2","57,875","2,333333333","20,6769",0,2021,"20676,9"
01/03/2021,32,"20,8","26,4","67,41666667","1,333333333","14,9148","0,2",2021,"14914,8"
02/03/2021,"34,1","20,6","27,35","67,79166667","2,375","20,6775",0,2021,"20677,5"
03/03/2021,"31,1","20,2","25,65","76,25","2,125","18,2705","27,2",2021,"18270,5"
04/03/2021,"25,2","18,4","21,8","90,08333333","1,291666667","5,3876","48,4",2021,"5387,6"
05/03/2021,29,"20,5","24,75","84,7826087","1,086956522","10,914","0,2",2021,10914
06/03/2021,"32,1","18,6","25,35","73,72727273","1,727272727","21,5091",0,2021,"21509,1"
07/03/2021,"32,7","17,7","25,2","64,16666667","1,583333333","22,7742",0,2021,"22774,2"
08/03/2021,"33,1","17,4","25,25","64,375","1,666666667","22,4563",0,2021,"22456,3"
09/03/2021,"32,2","17,3","24,75","61,08333333","2,291666667","23,2061",0,2021,"23206,1"
10/03/2021,"32,7","14,6","23,65","60,20833333","1,625","23,1933",0,2021,"23193,3"
11/03/2021,"32,8","15,1","23,95","54,04166667","1,916666667","22,8977",0,2021,"22897,7"
12/03/2021,"33,9",14,"23,95","52,75","1,625","22,6908",0,2021,"22690,8"
13/03/2021,"35,9","14,7","25,3","51,58333333","1,875","22,189",0,2021,22189
14/03/2021,"35,8","16,2",26,"51,33333333","1,333333333","21,5323",0,2021,"21532,3"
15/03/2021,"37,3","18,6","27,95","55,75","1,25","21,1474",0,2021,"21147,4"
16/03/2021,"34,8","20,8","27,8","57,875","2,166666667","20,8763",0,2021,"20876,3"
17/03/2021,"28,4","17,9","23,15",78,"1,791666667","10,2925","19,2",2021,"10292,5"
18/03/2021,"30,2","19,7","24,95","77,41666667","2,166666667","19,0602",0,2021,"19060,2"
19/03/2021,"33,5","17,2","25,35","69,25","1,458333333","19,8701",0,2021,"19870,1"
20/03/2021,"33,5","23,2","28,35","64,79166667","2,25","17,2342",0,2021,"17234,2"
21/03/2021,"32,1","22,1","27,1","74,875","1,291666667","11,1567",3,2021,"11156,7"
22/03/2021,"34,4","20,6","27,5","81,125","1,458333333","19,0687","27,4",2021,"19068,7"
23/03/2021,33,"21,4","27,2","80,25","1,333333333","15,2791","0,4",2021,"15279,1"
24/03/2021,"34,7","20,2","27,45","74,79166667","1,041666667","17,5745",0,2021,"17574,5"
25/03/2021,"35,3","22,6","28,95","61,375","1,5","17,6506",0,2021,"17650,6"
26/03/2021,"33,9",22,"27,95","62,08333333","1,625","16,4593",1,2021,"16459,3"
27/03/2021,"33,8","22,7","28,25","66,5","1,666666667","15,3341",0,2021,"15334,1"
28/03/2021,"29,1","21,4","25,25","77,16666667","1,666666667","11,9973",0,2021,"11997,3"
29/03/2021,"25,6","20,4",23,"80,79166667","2,166666667","7,7122",0,2021,"7712,2"
30/03/2021,26,"16,9","21,45","72,08333333","3,041666667","16,639",1,2021,16639
31/03/2021,"28,6","12,9","20,75","66,45833333","1,75","19,2991",0,2021,"19299,1"
01/04/2021,"28,6","11,8","20,2","59,58333333","1,625","20,2611",0,2021,"20261,1"
02/04/2021,"31,3","14,4","22,85","58,75","1,458333333","19,3284",0,2021,"19328,4"
03/04/2021,"31,9","16,4","24,15","58,375","1,625","19,0329",0,2021,"19032,9"
04/04/2021,"32,1","17,9",25,"60,625","1,583333333","18,1308",0,2021,"18130,8"
05/04/2021,"32,8","19,9","26,35","55,79166667","2,208333333","18,4583",0,2021,"18458,3"
06/04/2021,"29,4","20,8","25,1","63,79166667","1,416666667","8,6752",0,2021,"8675,2"
07/04/2021,"32,2","18,8","25,5","61,29166667","2,25","18,3818",0,2021,"18381,8"
08/04/2021,"32,5",20,"26,25","55,79166667","2,833333333","18,1092",0,2021,"18109,2"
09/04/2021,"32,8","22,4","27,6","56,375","2,5","18,055",0,2021,18055
10/04/2021,"33,1","20,6","26,85","51,33333333","2,166666667","17,8911",0,2021,"17891,1"
11/04/2021,"34,2","19,4","26,8","54,875","2,416666667","15,934",0,2021,15934
12/04/2021,"23,6","17,3","20,45",84,"2,541666667","8,3535",0,2021,"8353,5"
13/04/2021,"29,9","15,4","22,65","73,75","1,416666667","17,814",0,2021,17814
14/04/2021,"31,4","17,3","24,35","67,91666667","1,375","16,7774",0,2021,"16777,4"
15/04/2021,"32,6","19,4",26,"60,16666667","1,75","17,5042",0,2021,"17504,2"
16/04/2021,"26,4","17,7","22,05","73,20833333","2,125","8,4357","12,4",2021,"8435,7"
17/04/2021,"28,5","15,7","22,1","75,58333333","1,291666667","17,3376",0,2021,"17337,6"
18/04/2021,"29,1","15,4","22,25","72,20833333","1,375","17,2273",0,2021,"17227,3"
19/04/2021,"29,4","16,3","22,85","68,41666667","1,958333333","17,4782",0,2021,"17478,2"
20/04/2021,"29,5","16,8","23,15","66,625","2,041666667","17,3917",0,2021,"17391,7"
21/04/2021,"29,7","16,8","23,25","63,5","1,958333333","17,5935",0,2021,"17593,5"
22/04/2021,"28,7","15,4","22,05","64,875",2,"16,3842",0,2021,"16384,2"
23/04/2021,"27,7","16,8","22,25","61,83333333","1,833333333","12,6113",0,2021,"12611,3"
24/04/2021,"22,2","16,4","19,3","81,83333333","1,708333333","2,9087","7,8",2021,"2908,7"
25/04/2021,"24,3","16,7","20,5","82,25","2,333333333","11,3534","0,2",2021,"11353,4"
26/04/2021,"23,5",14,"18,75","78,08695652","2,130434783","14,726",0,2021,14726
27/04/2021,"23,3","9,1","16,2","69,58333333","2,041666667","17,2999",0,2021,"17299,9"
28/04/2021,"24,7","8,3","16,5","68,29166667","2,041666667","17,0207",0,2021,"17020,7"
29/04/2021,"26,7","7,5","17,1","64,04166667","1,416666667","16,2777",0,2021,"16277,7"
30/04/2021,"27,9","12,6","20,25","58,95833333","2,458333333","16,4327",0,2021,"16432,7"
01/05/2021,"28,6","12,9","20,75","64,45833333","1,5","15,5924",0,2021,"15592,4"
02/05/2021,"31,1","15,1","23,1","66,45833333","1,791666667","14,8173",0,2021,"14817,3"
03/05/2021,"31,3","18,9","25,1","59,125","2,208333333","15,0213",0,2021,"15021,3"
04/05/2021,"31,8","19,1","25,45","54,41666667","1,833333333","15,1801",0,2021,"15180,1"
05/05/2021,"31,6","15,5","23,55","62,45833333","1,625","12,8408",0,2021,"12840,8"
06/05/2021,"23,8","12,8","18,3","90,41666667","3,125","2,4899",15,2021,"2489,9"
07/05/2021,"20,2","8,6","14,4","78,72727273","2,545454545","15,7232",0,2021,"15723,2"
08/05/2021,"26,8","7,3","17,05","75,5","1,083333333","15,3522",0,2021,"15352,2"
09/05/2021,"27,8","14,3","21,05","69,79166667","1,916666667","14,2855",0,2021,"14285,5"
10/05/2021,"28,6","13,5","21,05","71,83333333","1,208333333","14,5444",0,2021,"14544,4"
11/05/2021,"23,1","14,1","18,6","83,16666667","1,208333333","5,3555",0,2021,"5355,5"
12/05/2021,"18,4",14,"16,2","90,91666667","1,75","2,0883","4,4",2021,"2088,3"
13/05/2021,"23,7","8,4","16,05","81,95833333","1,125","12,365",0,2021,12365
14/05/2021,"22,3","11,4","16,85","80,79166667","1,208333333","7,9949",0,2021,"7994,9"
15/05/2021,"24,4","11,3","17,85","77,83333333","1,083333333","12,1118",0,2021,"12111,8"
16/05/2021,"27,5","12,3","19,9","74,58333333","1,083333333","12,9228",0,2021,"12922,8"
17/05/2021,"25,3","12,3","18,8","72,875","1,583333333","13,4769",0,2021,"13476,9"
18/05/2021,"25,4","8,9","17,15","69,75","1,625","14,0483",0,2021,"14048,3"
19/05/2021,"27,6","7,4","17,5","66,20833333","1,208333333","14,0424",0,2021,"14042,4"
20/05/2021,"29,7","12,7","21,2","55,58333333","1,625","12,9359",0,2021,"12935,9"
21/05/2021,"30,1","18,4","24,25","55,25","1,916666667","11,0104",0,2021,"11010,4"
22/05/2021,"25,7","16,5","21,1","76,125","2,416666667","9,2012","1,4",2021,"9201,2"
23/05/2021,"20,1","9,7","14,9","64,41666667","3,208333333","14,1488",0,2021,"14148,8"
24/05/2021,"18,8","4,6","11,7","70,58333333",2,"13,5431",0,2021,"13543,1"
25/05/2021,"23,4","3,2","13,3","67,625","1,333333333","13,7581",0,2021,"13758,1"
26/05/2021,"25,5","11,3","18,4","58,875","0,9583333333","8,7915",0,2021,"8791,5"
27/05/2021,"28,4","12,5","20,45","63,41666667","0,9166666667","10,3967",0,2021,"10396,7"
28/05/2021,"29,2","19,1","24,15","63,5","2,375","3,6456",0,2021,"3645,6"
29/05/2021,"28,9","20,1","24,5","67,75","1,583333333","10,0846",0,2021,"10084,6"
30/05/2021,"23,4","15,5","19,45","67,95833333","2,75","8,8877",0,2021,"8887,7"
31/05/2021,"24,6","8,2","16,4","70,125","1,375","11,63",0,2021,11630
01/06/2021,"24,3","11,1","17,7",79,"1,416666667","12,8813",0,2021,"12881,3"
02/06/2021,"29,2","15,1","22,15",78,1,"11,0791",0,2021,"11079,1"
03/06/2021,"30,1","16,6","23,35","74,83333333","1,375","12,1869",0,2021,"12186,9"
04/06/2021,"30,9","15,5","23,2","65,83333333","1,916666667","12,3132",0,2021,"12313,2"
05/06/2021,"31,8","19,8","25,8","57,66666667","2,125","11,4958",0,2021,"11495,8"
06/06/2021,"23,9","14,8","19,35","74,70833333","2,666666667","1,1783","13,8",2021,"1178,3"
07/06/2021,24,"15,5","19,75","85,54166667","1,208333333","6,841",13,2021,6841
08/06/2021,"24,4","16,2","20,3","84,08333333","0,9583333333","8,5383","1,8",2021,"8538,3"
09/06/2021,26,"15,3","20,65","81,125","0,7083333333","8,4887",0,2021,"8488,7"
10/06/2021,"24,1","17,2","20,65","87,75","1,083333333","7,2907","27,2",2021,"7290,7"
11/06/2021,"22,8",14,"18,4","82,58333333","2,416666667","12,404","0,4",2021,12404
12/06/2021,"21,3",7,"14,15","77,75","1,458333333","12,6771",0,2021,"12677,1"
13/06/2021,"25,2","6,7","15,95","69,70833333","1,041666667","12,6767",0,2021,"12676,7"
14/06/2021,"24,9","10,7","17,8","70,75","1,583333333","12,5987",0,2021,"12598,7"
15/06/2021,"23,1","8,8","15,95","82,125","1,166666667","10,3769",0,2021,"10376,9"
16/06/2021,"19,6","11,1","15,35","82,66666667","2,333333333","10,7019",0,2021,"10701,9"
17/06/2021,"16,6","8,2","12,4","83,29166667","2,291666667","7,3644",0,2021,"7364,4"
18/06/2021,"15,6",9,"12,3","85,41666667","0,8333333333","3,773","1,4",2021,3773
19/06/2021,"15,1","11,6","13,35","93,5","1,416666667","0,6239","24,8",2021,"623,9"
20/06/2021,"16,6","11,3","13,95","88,04166667",1,"4,0533","0,6",2021,"4053,3"
21/06/2021,"15,7","11,9","13,8","91,04166667","0,4583333333","1,4788","3,8",2021,"1478,8"
22/06/2021,"21,2",14,"17,6","88,33333333","0,625","6,2273","0,8",2021,"6227,3"
23/06/2021,"25,8","16,9","21,35","75,20833333","1,75","11,4615",0,2021,"11461,5"
24/06/2021,"24,6","16,4","20,5","67,60869565","2,260869565","5,283",0,2021,5283
25/06/2021,"27,2","14,5","20,85","80,625","1,708333333","11,5742",0,2021,"11574,2"
26/06/2021,"29,8","20,1","24,95","66,58333333","2,125","11,8711",0,2021,"11871,1"
27/06/2021,"23,9",9,"16,45","84,20833333","3,958333333","1,4158","5,8",2021,"1415,8"
28/06/2021,"9,1","5,7","7,4","80,54166667","3,916666667","3,6616","8,6",2021,"3661,6"
29/06/2021,"12,1","1,3","6,7","69,25","2,041666667","13,564",0,2021,13564
30/06/2021,"14,9",-1,"6,95","72,33333333","1,375","13,5141",0,2021,"13514,1"
01/07/2021,"20,4","2,2","11,3","66,54166667","1,708333333","13,706",0,2021,13706
02/07/2021,"23,5",7,"15,25","62,83333333","1,5","13,6618",0,2021,"13661,8"
03/07/2021,"23,4","5,2","14,3","70,45833333","1,541666667","12,6171",0,2021,"12617,1"
04/07/2021,"25,4","5,7","15,55","67,75","0,875","12,1905",0,2021,"12190,5"
05/07/2021,"28,2","11,2","19,7","66,875","1,541666667","12,6808",0,2021,"12680,8"
06/07/2021,"26,4","9,9","18,15","64,625","1,875","12,966",0,2021,12966
07/07/2021,"25,4","10,8","18,1","62,5","2,166666667","12,8686",0,2021,"12868,6"
08/07/2021,"26,3",10,"18,15","63,5","1,458333333","12,9996",0,2021,"12999,6"
09/07/2021,"26,2","9,6","17,9","62,25","1,75","13,4896",0,2021,"13489,6"
10/07/2021,"27,2","11,7","19,45","60,5","1,916666667","11,7082",0,2021,"11708,2"
11/07/2021,"29,6","10,4",20,"67,20833333","1,291666667","12,7818",0,2021,"12781,8"
12/07/2021,"27,7","9,3","18,5","57,625","1,666666667","12,7772",0,2021,"12777,2"
13/07/2021,"28,3","13,5","20,9","54,13636364","1,863636364","7,4418",0,2021,"7441,8"
14/07/2021,"28,4","15,1","21,75","52,04166667","2,125","10,64",0,2021,10640
15/07/2021,"22,8","14,9","18,85","64,70833333","2,25","2,9276","14,8",2021,"2927,6"
16/07/2021,"16,1","10,9","13,5","89,125","1,833333333","3,4697","0,6",2021,"3469,7"
17/07/2021,"19,2","13,2","16,2","86,29166667","1,041666667","6,9238","0,4",2021,"6923,8"
18/07/2021,"13,4","6,6",10,"66,79166667","3,416666667","14,608",0,2021,14608
19/07/2021,15,"0,3","7,65","61,66666667","2,166666667","13,9449",0,2021,"13944,9"
20/07/2021,"18,3",0,"9,15","70,29166667","1,333333333","10,4625",0,2021,"10462,5"
21/07/2021,"24,8","7,5","16,15","60,375","1,5","13,4684",0,2021,"13468,4"
22/07/2021,"30,1","7,8","18,95","55,125","1,291666667","14,2995",0,2021,"14299,5"
23/07/2021,"30,4","9,5","19,95","45,83333333","1,541666667","14,12",0,2021,14120
24/07/2021,"30,6",15,"22,8","47,29166667","2,208333333","13,6309",0,2021,"13630,9"
25/07/2021,"31,6","17,9","24,75","45,04166667","2,5","13,551",0,2021,13551
26/07/2021,"31,6","18,4",25,"46,25","2,375","12,8723",0,2021,"12872,3"
27/07/2021,25,"8,7","16,85","74,16666667","4,25","5,0351","21,8",2021,"5035,1"
28/07/2021,"14,1","1,6","7,85","57,625","3,875","15,2878",0,2021,"15287,8"
29/07/2021,"12,6","-0,4","6,1","60,54166667","2,541666667","15,9178",0,2021,"15917,8"
30/07/2021,"19,4","-2,3","8,55","61,70833333","1,333333333","15,5101",0,2021,"15510,1"
31/07/2021,"20,1","4,3","12,2","58,08333333","1,541666667","8,57","0,4",2021,8570
01/08/2021,"21,8","9,9","15,85","72,5","1,25","11,4132","1,4",2021,"11413,2"
02/08/2021,"22,6","5,9","14,25","66,66666667","1,333333333","15,9165",0,2021,"15916,5"
03/08/2021,23,"3,2","13,1","59,45833333","1,458333333","16,1659",0,2021,"16165,9"
04/08/2021,"25,6","7,6","16,6","56,33333333","1,083333333","16,021",0,2021,16021
05/08/2021,"26,3","11,9","19,1","57,125","2,208333333","12,3595",0,2021,"12359,5"
06/08/2021,"28,6","16,2","22,4","53,25","2,291666667","13,4397",0,2021,"13439,7"
07/08/2021,"29,9","17,2","23,55","51,95833333","2,291666667","15,2496",0,2021,"15249,6"
08/08/2021,31,"15,7","23,35","51,08333333","2,25","15,6049",0,2021,"15604,9"
09/08/2021,32,"16,6","24,3","46,54166667","2,125","14,2305",0,2021,"14230,5"
10/08/2021,26,"13,1","19,55","77,70833333","2,916666667","2,4823",0,2021,"2482,3"
11/08/2021,"20,9","12,9","16,9","78,45833333","4,125","10,9096",0,2021,"10909,6"
12/08/2021,"17,6","11,7","14,65","76,625","2,25","4,5643","7,8",2021,"4564,3"
13/08/2021,16,"11,9","13,95","91,95833333",1,"2,3865",12,2021,"2386,5"
14/08/2021,"24,9","12,4","18,65","83,125","0,7916666667","13,8927","0,4",2021,"13892,7"
15/08/2021,"27,8",14,"20,9","74,54166667",1,"12,3091",0,2021,"12309,1"
16/08/2021,"31,9","14,6","23,25","68,25","0,8333333333","15,226",0,2021,15226
17/08/2021,"35,1","17,2","26,15","54,16666667","2,25","15,7844",0,2021,"15784,4"
18/08/2021,"36,1","19,2","27,65","42,25","2,166666667","15,8338",0,2021,"15833,8"
19/08/2021,"35,8","19,6","27,7","38,75","2,625","15,6867",0,2021,"15686,7"
20/08/2021,"33,3","20,2","26,75","38,5","1,708333333","12,7342",0,2021,"12734,2"
21/08/2021,"34,3","15,8","25,05","40,875","2,208333333","15,9121",0,2021,"15912,1"
22/08/2021,34,"16,5","25,25","37,20833333","2,208333333","16,0937",0,2021,"16093,7"
23/08/2021,"31,6","20,2","25,9","39,20833333","2,708333333","10,8523",0,2021,"10852,3"
24/08/2021,33,"23,1","28,05","43,79166667","1,875","6,9846",0,2021,"6984,6"
25/08/2021,"27,9","18,4","23,15","56,45833333",2,"5,9671","0,2",2021,"5967,1"
26/08/2021,"18,4","12,4","15,4","86,25","2,583333333","6,0136","12,2",2021,"6013,6"
27/08/2021,22,"7,3","14,65","84,375",1,"9,9012",0,2021,"9901,2"
28/08/2021,"26,5",12,"19,25","77,375","1,375","12,3508",0,2021,"12350,8"
29/08/2021,"29,5","14,3","21,9","69,08333333","1,583333333","18,0438",0,2021,"18043,8"
30/08/2021,"29,4","15,1","22,25","57,625","2,333333333","18,6202",0,2021,"18620,2"
31/08/2021,"31,1",17,"24,05","52,70833333","2,75","18,4803",0,2021,"18480,3"
01/09/2021,"31,7","16,9","24,3","48,41666667","2,875","18,6239",0,2021,"18623,9"
02/09/2021,"34,4","19,1","26,75","41,66666667","2,375","17,9617",0,2021,"17961,7"
03/09/2021,35,"15,6","25,3","45,91666667","1,458333333","16,9843",0,2021,"16984,3"
04/09/2021,"33,1","20,2","26,65","50,875","2,583333333","9,5021",4,2021,"9502,1"
05/09/2021,"31,5","17,6","24,55","71,08333333","2,875","18,6698","3,2",2021,"18669,8"
06/09/2021,"34,6","14,7","24,65","65,66666667","1,25","17,0833",0,2021,"17083,3"
07/09/2021,"36,5","22,8","29,65","48,75","2,333333333","17,088",0,2021,17088
08/09/2021,"30,2","17,2","23,7","64,5","2,416666667","6,6481",17,2021,"6648,1"
09/09/2021,"21,9","13,8","17,85","72,70833333","2,958333333","15,7053","0,8",2021,"15705,3"
10/09/2021,"23,4","7,7","15,55","65,54166667","1,833333333","20,2482","0,2",2021,"20248,2"
11/09/2021,"28,7","13,7","21,2","66,04166667","1,208333333","17,4434",2,2021,"17443,4"
12/09/2021,"33,9","18,1",26,"57,91666667","2,208333333","16,5051",0,2021,"16505,1"
13/09/2021,"37,4","25,4","31,4","45,375","2,625","15,3929",0,2021,"15392,9"
14/09/2021,"30,9","18,6","24,75","75,58333333","2,875","4,9604","21,4",2021,"4960,4"
15/09/2021,24,"16,3","20,15","84,25","3,333333333","11,5204","0,4",2021,"11520,4"
16/09/2021,"26,7","17,5","22,1","78,91666667","2,625","10,3776",0,2021,"10377,6"
17/09/2021,"31,6","17,2","24,4","64,125","1,791666667","15,684",0,2021,15684
18/09/2021,"36,4","19,1","27,75","58,70833333","1,666666667","18,0731",0,2021,"18073,1"
19/09/2021,"38,3","22,5","30,4","48,625","2,166666667","16,9947",0,2021,"16994,7"
20/09/2021,"39,5",22,"30,75","43,04166667","1,916666667","17,4141",0,2021,"17414,1"
21/09/2021,32,"20,9","26,45","60,70833333","3,958333333","11,1743",0,2021,"11174,3"
22/09/2021,"31,8","15,3","23,55","67,33333333","2,083333333","19,2599",0,2021,"19259,9"
23/09/2021,"28,1","17,3","22,7","47,95833333","2,041666667","14,7727",0,2021,"14772,7"
24/09/2021,30,18,24,"58,625","2,791666667","19,4784",0,2021,"19478,4"
25/09/2021,"32,6","13,7","23,15","52,20833333","2,041666667","23,2205",0,2021,"23220,5"
26/09/2021,"36,2","14,6","25,4","41,75","1,583333333","20,8029",0,2021,"20802,9"
27/09/2021,"35,9",20,"27,95","45,91666667","1,791666667","20,8061",0,2021,"20806,1"
28/09/2021,35,"20,2","27,6","47,54166667","2,333333333","13,7206",0,2021,"13720,6"
29/09/2021,"25,9","19,3","22,6","74,79166667","2,791666667","1,5907",9,2021,"1590,7"
30/09/2021,"33,2","17,6","25,4","71,45833333","1,583333333","14,5779",0,2021,"14577,9"
01/10/2021,"28,5",19,"23,75","73,45833333","2,625","3,748","30,2",2021,3748
02/10/2021,"20,9","17,1",19,"88,79166667","2,375","2,8282",29,2021,"2828,2"
03/10/2021,"20,8","17,4","19,1","91,75","1,916666667","1,7095",73,2021,"1709,5"
04/10/2021,"24,5","17,2","20,85","86,33333333","2,75","10,7074","22,6",2021,"10707,4"
05/10/2021,"29,9","14,1",22,"75,33333333","1,5","18,2019",0,2021,"18201,9"
06/10/2021,"33,4","20,8","27,1","71,70833333","1,916666667","13,9021","0,4",2021,"13902,1"
07/10/2021,"25,5","19,7","22,6","88,91666667","1,375","6,7432",18,2021,"6743,2"
08/10/2021,"28,9",21,"24,95","78,20833333","1,25","12,525",0,2021,12525
09/10/2021,"24,6","17,1","20,85","82,625","1,833333333","1,6135","44,4",2021,"1613,5"
10/10/2021,"25,8",17,"21,4","79,875","1,5","11,4982",0,2021,"11498,2"
11/10/2021,"29,7","18,7","24,2",68,"0,9583333333","17,0502",0,2021,"17050,2"
12/10/2021,"32,9","17,2","25,05","63,5","1,458333333","24,1052",0,2021,"24105,2"
13/10/2021,"33,6","17,1","25,35","52,91666667","2,5","23,5501",0,2021,"23550,1"
14/10/2021,"28,9","17,7","23,3","66,64705882","2,764705882","17,1925","3,8",2021,"17192,5"
15/10/2021,"23,5","18,6","21,05","84,33333333","2,583333333","3,5006",11,2021,"3500,6"
16/10/2021,"23,3","16,9","20,1","82,83333333","2,875","9,5995",0,2021,"9599,5"
17/10/2021,"25,5","16,4","20,95","81,5","1,541666667","10,9348",0,2021,"10934,8"
18/10/2021,"27,4","16,7","22,05","79,18181818",2,"14,2111",0,2021,"14211,1"
19/10/2021,"28,4","15,1","21,75","67,125","1,708333333","16,98",0,2021,16980
20/10/2021,"29,2","12,9","21,05",64,"1,5","25,3219",0,2021,"25321,9"
21/10/2021,"29,6","14,4",22,"56,39130435","1,652173913","23,0392",0,2021,"23039,2"
22/10/2021,"33,1","15,1","24,1","51,04166667","2,25","25,1404",0,2021,"25140,4"
23/10/2021,"28,3","15,9","22,1",60,"3,208333333","3,7474","52,8",2021,"3747,4"
24/10/2021,"23,9","16,2","20,05","77,125","4,083333333","21,1158","0,6",2021,"21115,8"
25/10/2021,"29,7","11,4","20,55","65,20833333","1,416666667","24,4558",0,2021,"24455,8"
26/10/2021,"32,7","15,4","24,05","60,08333333","1,375","21,3083",0,2021,"21308,3"
27/10/2021,"32,2","17,4","24,8","48,66666667","1,916666667","24,6418",0,2021,"24641,8"
28/10/2021,"35,9","17,3","26,6","53,375","1,833333333","25,1689",0,2021,"25168,9"
29/10/2021,"35,5","22,4","28,95",56,"2,291666667","24,2823",0,2021,"24282,3"
30/10/2021,"31,2","20,9","26,05","63,08333333","2,583333333","16,53",0,2021,16530
31/10/2021,"29,9","19,3","24,6","73,125","2,8125","19,616","8,8",2021,19616
01/11/2021,"30,6","17,8","24,2","67,95833333","1,875","24,7128",0,2021,"24712,8"
02/11/2021,"32,9","18,5","25,7","61,125","1,583333333","23,7556",0,2021,"23755,6"
03/11/2021,"34,9","19,2","27,05","59,79166667","1,5","25,0206",0,2021,"25020,6"
04/11/2021,"36,6","20,4","28,5","61,875","1,208333333","22,0877",0,2021,"22087,7"
05/11/2021,"34,5","20,2","27,35","67,45833333","2,291666667","16,4491","5,2",2021,"16449,1"
06/11/2021,"30,6","19,2","24,9","77,45833333","1,875","21,14","0,4",2021,21140
07/11/2021,"31,8","20,4","26,1","68,95833333","2,208333333","23,8777",0,2021,"23877,7"
08/11/2021,"29,8","20,8","25,3","67,41666667","2,5","19,0493",0,2021,"19049,3"
09/11/2021,"33,2","19,8","26,5","69,04166667","1,166666667","19,3992",0,2021,"19399,2"
10/11/2021,"29,1","20,4","24,75","64,54166667","1,458333333","13,4535","1,4",2021,"13453,5"
11/11/2021,"29,6","17,4","23,5","74,95833333","2,333333333","19,829","10,4",2021,19829
12/11/2021,"31,6","18,7","25,15","68,08333333","1,458333333","25,2065",0,2021,"25206,5"
13/11/2021,"29,5","18,7","24,1","61,08333333","1,875","24,5904",0,2021,"24590,4"
14/11/2021,31,"17,8","24,4","54,5","2,041666667","24,6086",0,2021,"24608,6"
15/11/2021,"33,7","19,2","26,45","57,91666667","1,916666667","20,9068",0,2021,"20906,8"
16/11/2021,35,"20,9","27,95","55,875","1,75","23,6414",0,2021,"23641,4"
17/11/2021,"30,6","20,7","25,65","74,875","2,333333333","16,8299","0,6",2021,"16829,9"
18/11/2021,"26,5","21,7","24,1","81,33333333","2,208333333","10,2766",0,2021,"10276,6"
19/11/2021,"27,8","17,6","22,7","75,54166667","2,916666667","18,7925",0,2021,"18792,5"
20/11/2021,"33,1","14,5","23,8","63,66666667","1,416666667","26,3752",0,2021,"26375,2"
21/11/2021,"33,9","17,8","25,85","58,54166667","1,708333333","26,2264",0,2021,"26226,4"
22/11/2021,"35,6","18,4",27,"53,04166667","1,75","27,2663",0,2021,"27266,3"
23/11/2021,"34,3","16,3","25,3","50,58333333","1,583333333","18,9668",0,2021,"18966,8"
24/11/2021,"36,6","18,2","27,4","58,125",1,"24,9263",0,2021,"24926,3"
25/11/2021,"36,4","20,7","28,55","63,45833333","2,125","17,8271","21,2",2021,"17827,1"
26/11/2021,"29,1","19,4","24,25","77,375","2,875","25,2723",1,2021,"25272,3"
27/11/2021,"29,1","15,4","22,25","71,70833333","1,875","26,8299",0,2021,"26829,9"
28/11/2021,"33,4",17,"25,2","75,41666667",2,"17,1383","9,2",2021,"17138,3"
29/11/2021,"26,9","19,5","23,2",74,"2,708333333","25,4734",0,2021,"25473,4"
30/11/2021,"28,6","14,5","21,55","66,16666667","2,041666667","27,8835",0,2021,"27883,5"
01/12/2021,"31,4","14,8","23,1","61,04166667","1,833333333","27,7255",0,2021,"27725,5"
02/12/2021,"32,8","17,8","25,3","58,70833333","1,666666667","27,3738",0,2021,"27373,8"
03/12/2021,"34,9","16,2","25,55","54,91666667","1,541666667","27,5259",0,2021,"27525,9"
04/12/2021,"35,1","19,4","27,25","54,5","1,916666667","26,6108",0,2021,"26610,8"
05/12/2021,"36,1",20,"28,05","57,54166667","1,708333333","26,5013",0,2021,"26501,3"
06/12/2021,"33,8","20,4","27,1","56,875","2,75","27,0086",0,2021,"27008,6"
07/12/2021,"32,5","17,5",25,"54,79166667","1,958333333","23,765",0,2021,23765
08/12/2021,"30,8","16,4","23,6","52,91666667","2,5","28,1452",0,2021,"28145,2"
09/12/2021,"32,4","15,4","23,9","52,58333333","1,791666667","27,4678",0,2021,"27467,8"
10/12/2021,"34,9","16,1","25,5","50,83333333","1,5","28,1317",0,2021,"28131,7"
11/12/2021,"36,5","17,8","27,15","47,91666667","1,625","22,8628",0,2021,"22862,8"
12/12/2021,"35,4","22,3","28,85","52,625","1,791666667","13,3313",0,2021,"13331,3"
13/12/2021,"32,3","22,6","27,45","69,375","1,416666667","14,853","3,8",2021,14853
14/12/2021,"34,4","22,1","28,25","73,83333333","1,041666667","21,8856","0,2",2021,"21885,6"
15/12/2021,"35,3","22,8","29,05","68,375","1,708333333","26,0726",0,2021,"26072,6"
16/12/2021,"37,3","22,3","29,8","64,70833333","2,291666667","26,7984",0,2021,"26798,4"
17/12/2021,"38,1","22,3","30,2","63,625","1,583333333","21,388","0,2",2021,21388
18/12/2021,"37,4","24,5","30,95","60,04166667","1,708333333","25,5155",0,2021,"25515,5"
19/12/2021,"36,6","23,2","29,9","55,875","1,416666667","26,7075",0,2021,"26707,5"
20/12/2021,"35,2","22,1","28,65","55,375","1,625","24,07",0,2021,24070
21/12/2021,"36,9","22,2","29,55","60,70833333","1,666666667","21,8674",0,2021,"21867,4"
22/12/2021,"37,1","21,1","29,1","62,625","2,125","24,9751",0,2021,"24975,1"
23/12/2021,"34,8","22,8","28,8","51,375","2,416666667","25,9144",0,2021,"25914,4"
24/12/2021,"34,1","20,1","27,1","43,79166667",2,"27,4727",0,2021,"27472,7"
25/12/2021,"35,8","20,6","28,2","50,66666667","1,625","27,2117",0,2021,"27211,7"
26/12/2021,"36,9","20,6","28,75","49,95833333","1,416666667","23,381",0,2021,23381
27/12/2021,"38,3",19,"28,65","51,5","1,291666667","27,6976",0,2021,"27697,6"
28/12/2021,"37,9","18,2","28,05","41,20833333","1,25","26,9947",0,2021,"26994,7"
29/12/2021,"37,9","22,3","30,1","47,41666667","2,208333333","23,045",0,2021,23045
30/12/2021,"34,9","19,8","27,35","60,79166667","2,583333333","25,7804",0,2021,"25780,4"
31/12/2021,"34,4","20,2","27,3",59,"2,208333333","23,8536",0,2021,"23853,6"
01/01/2022,"37,3","20,6","28,95","54,58333333","1,541666667","26,4638",0,2022,"26463,8"
02/01/2022,"39,3",24,"31,65","50,25","2,083333333","26,1031",0,2022,"26103,1"
03/01/2022,"30,6","18,7","24,65","76,875","2,291666667","4,3258","27,8",2022,"4325,8"
04/01/2022,"33,9","20,8","27,35","73,875","1,166666667","21,6649",0,2022,"21664,9"
05/01/2022,"33,3","21,7","27,5","66,83333333",2,"18,0667",0,2022,"18066,7"
06/01/2022,"34,4","19,8","27,1","61,04166667","2,625","24,7182",0,2022,"24718,2"
07/01/2022,"34,4","23,5","28,95","60,16666667","2,083333333","21,9656",0,2022,"21965,6"
08/01/2022,"33,6","20,2","26,9","63,66666667","1,958333333","25,6131",0,2022,"25613,1"
09/01/2022,"30,9","18,9","24,9","70,70833333","2,291666667","20,9965",20,2022,"20996,5"
10/01/2022,32,17,"24,5","62,66666667","1,833333333","24,0564",0,2022,"24056,4"
11/01/2022,"33,2","17,8","25,5",62,"1,291666667","23,5594",0,2022,"23559,4"
12/01/2022,"33,5","20,9","27,2","65,70833333","1,375","22,9196","20,6",2022,"22919,6"
13/01/2022,"31,9","21,5","26,7","68,125","1,625","17,059",0,2022,17059
14/01/2022,"32,7","23,8","28,25","68,29166667","1,791666667","15,6201",0,2022,"15620,1"
15/01/2022,"36,3","22,1","29,2","64,5","1,791666667","24,0712",0,2022,"24071,2"
16/01/2022,"37,8","23,8","30,8",57,"1,791666667","25,7287",0,2022,"25728,7"
17/01/2022,"37,9","22,6","30,25","54,91666667","2,166666667","26,5397",0,2022,"26539,7"
18/01/2022,"38,6","25,2","31,9","51,29166667","1,75","25,9475",0,2022,"25947,5"
19/01/2022,"37,1","22,6","29,85","58,66666667","1,708333333","22,0056","0,2",2022,"22005,6"
20/01/2022,"36,7","22,3","29,5","62,33333333","1,333333333","23,4703",0,2022,"23470,3"
21/01/2022,"36,8","19,9","28,35","65,25","1,958333333","25,4501","12,4",2022,"25450,1"
22/01/2022,38,"24,6","31,3","53,625","1,541666667","25,5467",0,2022,"25546,7"
23/01/2022,"39,9","24,1",32,"51,5","1,708333333","24,722",0,2022,24722
24/01/2022,"38,1","25,6","31,85","55,45833333","1,958333333","17,0783",0,2022,"17078,3"
25/01/2022,39,"23,7","31,35","64,58333333","1,416666667","18,9484",0,2022,"18948,4"
26/01/2022,"25,8","23,5","24,65","76,66666667",2,"0,2705",0,2022,"270,5"
27/01/2022,"29,8","22,5","26,15","77,35714286","1,571428571","9,8429","9,8",2022,"9842,9"
28/01/2022,"29,9","22,2","26,05","82,5","2,291666667","11,9166","1,4",2022,"11916,6"
29/01/2022,"31,5","20,4","25,95","75,29166667","1,583333333","15,448",0,2022,15448
30/01/2022,"33,3","20,9","27,1","68,70833333","1,916666667","20,7712",0,2022,"20771,2"
31/01/2022,"32,7","20,1","26,4","73,25","1,416666667","16,4865","1,4",2022,"16486,5"
01/02/2022,"35,7","19,9","27,8","61,75","1,041666667","22,2303",0,2022,"22230,3"
02/02/2022,"34,5","21,9","28,2","57,125","1,791666667","22,5606",0,2022,"22560,6"
03/02/2022,"32,1","21,1","26,6","70,875","1,583333333","11,2676","8,6",2022,"11267,6"
04/02/2022,"32,9","21,4","27,15","85,04166667","1,333333333","11,5631","25,2",2022,"11563,1"
05/02/2022,"25,2","19,7","22,45","90,125","1,375","8,1359","54,4",2022,"8135,9"
06/02/2022,"30,8","21,4","26,1","74,83333333","2,375","23,9961","6,4",2022,"23996,1"
07/02/2022,"29,5","16,2","22,85","52,45833333","3,541666667","26,5262",0,2022,"26526,2"
08/02/2022,"32,6","13,2","22,9","48,20833333","2,083333333","25,6311","0,6",2022,"25631,1"
09/02/2022,"33,2","17,1","25,15","53,95833333","1,375","23,0269",0,2022,"23026,9"
10/02/2022,"34,2","20,3","27,25","53,41666667","1,875","23,6961",0,2022,"23696,1"
11/02/2022,"35,4","21,1","28,25","51,875",2,"22,9071",0,2022,"22907,1"
12/02/2022,"35,3","21,6","28,45","53,04166667","1,583333333","23,1381",0,2022,"23138,1"
13/02/2022,"34,3","22,5","28,4","62,16666667","1,875","20,3297",0,2022,"20329,7"
14/02/2022,"34,3","19,8","27,05","60,125","1,666666667","22,2172",0,2022,"22217,2"
15/02/2022,"36,1","19,6","27,85","52,125","1,333333333","23,2043",0,2022,"23204,3"
16/02/2022,"37,8","18,4","28,1","47,45833333","1,375","23,432",0,2022,23432
17/02/2022,"35,8","21,4","28,6","53,08333333","1,875","19,2917",0,2022,"19291,7"
18/02/2022,"35,6","19,6","27,6","52,58333333","1,625","23,1199",0,2022,"23119,9"
19/02/2022,"35,3","20,7",28,"49,20833333","1,958333333","21,0701",0,2022,"21070,1"
20/02/2022,"35,2","22,2","28,7","52,20833333","2,041666667","17,7347",0,2022,"17734,7"
21/02/2022,"35,9","21,8","28,85","60,5","2,041666667","20,6916",0,2022,"20691,6"
22/02/2022,"36,5","22,1","29,3","63,95833333","2,083333333","19,9393",0,2022,"19939,3"
23/02/2022,36,"20,7","28,35","67,91666667","1,291666667","23,0814","0,6",2022,"23081,4"
24/02/2022,"38,6","22,8","30,7","59,91666667","1,708333333","21,2675",0,2022,"21267,5"
25/02/2022,"37,1","20,6","28,85","69,33333333","1,375","13,3972","51,6",2022,"13397,2"
26/02/2022,"35,6","20,4",28,"73,16666667",1,"22,9471","1,4",2022,"22947,1"
27/02/2022,"36,9","23,7","30,3","62,20833333","1,958333333","22,9112",0,2022,"22911,2"
28/02/2022,"34,8",24,"29,4","65,95833333","1,708333333","14,3498","5,4",2022,"14349,8"
01/03/2022,"32,7","22,1","27,4","76,75","1,875","15,749","10,2",2022,15749
02/03/2022,"31,1","21,8","26,45","79,29166667","0,625","13,5642","8,2",2022,"13564,2"
03/03/2022,31,"19,5","25,25","80,625","1,541666667","12,0183","17,8",2022,"12018,3"
04/03/2022,"32,5",20,"26,25","78,54166667","1,041666667","15,6108",0,2022,"15610,8"
05/03/2022,"34,3","21,1","27,7","68,875","1,583333333","21,6209",0,2022,"21620,9"
06/03/2022,"34,2","23,6","28,9","65,08333333","1,625","16,3109",0,2022,"16310,9"
07/03/2022,"35,8","23,1","29,45","61,20833333","1,625","21,3449",0,2022,"21344,9"
08/03/2022,"35,1","19,8","27,45",70,"2,708333333","15,9422","19,2",2022,"15942,2"
09/03/2022,"37,3","21,1","29,2",70,"1,041666667","20,4819","0,2",2022,"20481,9"
10/03/2022,"33,9","22,4","28,15","76,04166667","1,75","12,0682","9,8",2022,"12068,2"
11/03/2022,"22,9","20,2","21,55","91,29166667","1,375","3,1308","28,4",2022,"3130,8"
12/03/2022,"24,8","19,5","22,15","86,125","1,625","8,2253","0,2",2022,"8225,3"
13/03/2022,"28,1","19,7","23,9","81,625","1,541666667","14,875",0,2022,14875
14/03/2022,"27,5","17,9","22,7","72,625","2,166666667","22,1837",0,2022,"22183,7"
15/03/2022,29,"16,2","22,6","70,04166667","1,833333333","22,0222",0,2022,"22022,2"
16/03/2022,"33,4","17,6","25,5","68,70833333","1,208333333","20,6711",0,2022,"20671,1"
17/03/2022,"33,8","21,2","27,5","68,54166667","1,5","20,529",0,2022,20529
18/03/2022,"31,2","21,6","26,4","76,91666667","1,75","7,464","4,8",2022,7464
19/03/2022,"28,2","20,7","24,45","83,66666667","2,375","17,5619","4,6",2022,"17561,9"
20/03/2022,"29,6","17,3","23,45","80,58333333","2,333333333","20,1413",0,2022,"20141,3"
21/03/2022,"30,6","19,2","24,9","67,25","1,75","20,3731",0,2022,"20373,1"
22/03/2022,"30,4","19,9","25,15","59,91666667","2,291666667","16,8366",0,2022,"16836,6"
23/03/2022,"28,3","20,2","24,25","78,91666667","1,916666667","9,2724","13,6",2022,"9272,4"
24/03/2022,"28,5","18,4","23,45","80,04166667","2,583333333","3,8025","12,6",2022,"3802,5"
25/03/2022,"22,3","15,2","18,75","85,875","1,666666667","7,7504",54,2022,"7750,4"
26/03/2022,"25,6","11,8","18,7","72,79166667","1,125","21,0037",0,2022,"21003,7"
27/03/2022,"28,4","13,3","20,85","75,70833333","1,333333333","20,6084",0,2022,"20608,4"
28/03/2022,"32,4","14,8","23,6","72,125","0,5833333333","20,2542",0,2022,"20254,2"
29/03/2022,"32,6","19,4",26,"72,375","1,958333333","19,9161",0,2022,"19916,1"
30/03/2022,"28,6","18,8","23,7","78,375","2,166666667","10,572",8,2022,10572
31/03/2022,"22,6","11,8","17,2","71,45833333","4,416666667","16,9947",0,2022,"16994,7"
01/04/2022,"24,7","12,3","18,5","70,95833333","1,416666667","11,0452",0,2022,"11045,2"
02/04/2022,"27,6","16,3","21,95","76,375","0,8333333333","14,627",0,2022,14627
03/04/2022,"30,4","19,8","25,1","70,41666667","1,458333333","17,65",0,2022,17650
04/04/2022,"25,3","19,2","22,25","85,29166667","1,083333333","3,0854","36,4",2022,"3085,4"
05/04/2022,"27,9","17,3","22,6","85,625","1,083333333","10,4806","0,2",2022,"10480,6"
06/04/2022,"31,4","19,3","25,35","81,41666667","0,7083333333","14,9205",0,2022,"14920,5"
07/04/2022,"29,9","20,1",25,"84,25","1,791666667","7,8265","15,4",2022,"7826,5"
08/04/2022,"24,1","19,2","21,65","90,70833333","1,041666667","3,4684","1,2",2022,"3468,4"
09/04/2022,28,"16,7","22,35","86,625","0,75","13,5397",0,2022,"13539,7"
10/04/2022,"31,1","18,9",25,"77,95833333","1,375","12,8862",0,2022,"12886,2"
11/04/2022,"27,8","17,6","22,7","79,125","2,125","13,2419","39,8",2022,"13241,9"
12/04/2022,"23,3","18,6","20,95","88,25","1,5","4,6494","61,6",2022,"4649,4"
13/04/2022,"25,2","18,6","21,9","86,79166667","0,625","5,2174","0,2",2022,"5217,4"
14/04/2022,"24,1",17,"20,55","82,58333333","2,833333333","14,8074",0,2022,"14807,4"
15/04/2022,"23,3","8,9","16,1","72,25","1,458333333","19,3753",0,2022,"19375,3"
16/04/2022,"27,1","9,2","18,15",67,"1,208333333","18,7693",0,2022,"18769,3"
17/04/2022,"27,2","12,4","19,8","68,33333333","1,625","16,8119",0,2022,"16811,9"
18/04/2022,27,"12,8","19,9","70,16666667","1,166666667","18,0634",0,2022,"18063,4"
19/04/2022,29,"13,5","21,25","72,20833333","1,583333333","18,0023",0,2022,"18002,3"
20/04/2022,"29,9","12,7","21,3","71,625","1,166666667","16,2437",0,2022,"16243,7"
21/04/2022,"26,5","15,9","21,2","79,75","1,916666667","6,137",21,2022,6137
22/04/2022,28,16,22,"82,54166667","2,75","9,8853",13,2022,"9885,3"
23/04/2022,"25,5","15,2","20,35",86,"1,75","10,5352",34,2022,"10535,2"
24/04/2022,"29,4","18,4","23,9",76,"1,833333333","16,255",0,2022,16255
25/04/2022,"30,7","21,5","26,1","70,70833333","1,625","16,0963",0,2022,"16096,3"
26/04/2022,32,"20,9","26,45",68,"1,708333333","15,8869",0,2022,"15886,9"
27/04/2022,"32,2","21,7","26,95","64,54166667","1,541666667","15,994",0,2022,15994
28/04/2022,"33,3",21,"27,15","65,625",1,"15,8914",0,2022,"15891,4"
29/04/2022,"26,8","19,7","23,25","82,95833333","1,708333333","8,7145",0,2022,"8714,5"
30/04/2022,"28,9","19,2","24,05","82,41666667",1,"11,8687",0,2022,"11868,7"
01/05/2022,"29,7","18,9","24,3","81,54166667","1,708333333","13,3351","16,6",2022,"13335,1"
02/05/2022,"29,4",20,"24,7","80,25","1,375","12,0648","6,8",2022,"12064,8"
03/05/2022,21,"13,4","17,2","92,91666667","2,666666667","1,8122",15,2022,"1812,2"
04/05/2022,"16,1","12,4","14,25","90,58333333","3,5","5,2572","4,2",2022,"5257,2"
05/05/2022,"23,1","14,6","18,85","84,04166667","1,166666667","11,8625","0,4",2022,"11862,5"
06/05/2022,"26,5","11,5",19,"79,04166667","1,125","15,9626",0,2022,"15962,6"
07/05/2022,"25,7",12,"18,85","76,29166667","1,083333333","15,6386",0,2022,"15638,6"
08/05/2022,"26,2",14,"20,1","67,20833333",2,"14,2219",0,2022,"14221,9"
09/05/2022,"27,7","12,3",20,"74,58333333","1,458333333","14,7869",0,2022,"14786,9"
10/05/2022,"22,6","17,1","19,85","89,41666667","1,541666667","4,6736",55,2022,"4673,6"
11/05/2022,"20,4",14,"17,2","82,34782609","2,304347826","12,707","0,2",2022,12707
12/05/2022,"22,3","9,3","15,8","80,66666667","1,25","15,4896",0,2022,"15489,6"
13/05/2022,"26,1","11,6","18,85","75,79166667","1,208333333","15,0882",0,2022,"15088,2"
14/05/2022,"18,9","15,6","17,25","84,33333333","2,083333333","0,8105","30,8",2022,"810,5"
15/05/2022,21,"15,1","18,05","85,95833333",1,"6,4282","0,2",2022,"6428,2"
16/05/2022,"16,6",10,"13,3","74,04347826","3,391304348","14,8958",0,2022,"14895,8"
17/05/2022,"15,2","8,2","11,7","68,54166667","3,791666667","12,486",0,2022,12486
18/05/2022,15,"8,9","11,95","70,79166667","4,833333333","6,5627",0,2022,"6562,7"
19/05/2022,"16,5","7,8","12,15","77,91666667","1,875","8,4325",0,2022,"8432,5"
20/05/2022,"20,1","3,3","11,7","74,75","1,083333333","14,9334",0,2022,"14933,4"
21/05/2022,"21,8","5,3","13,55","69,5","1,125","12,7044",0,2022,"12704,4"
22/05/2022,"22,5","6,6","14,55","69,625","1,458333333","12,44",0,2022,12440
23/05/2022,"26,3","11,1","18,7","65,58333333","1,5","13,7976",0,2022,"13797,6"
24/05/2022,"28,4","11,8","20,1","64,04166667","2,083333333","14,0549",0,2022,"14054,9"
25/05/2022,"29,4","14,1","21,75","61,08333333","2,291666667","13,5992",0,2022,"13599,2"
26/05/2022,"25,1","16,4","20,75","64,29166667","1,583333333","7,4454",0,2022,"7445,4"
27/05/2022,"25,5","17,3","21,4","65,625","1,916666667","6,3734","0,2",2022,"6373,4"
28/05/2022,25,"17,2","21,1","85,33333333","2,625","5,2718","27,6",2022,"5271,8"
29/05/2022,"25,5","17,7","21,6","80,16666667","1,708333333","5,2725","10,2",2022,"5272,5"
30/05/2022,"19,7","14,7","17,2","91,33333333","2,5","2,2737",10,2022,"2273,7"
31/05/2022,16,"7,8","11,9","86,29166667","2,166666667","6,68",0,2022,6680
01/06/2022,"13,8","10,8","12,3","91,16666667","1,291666667","0,8601",34,2022,"860,1"
02/06/2022,"12,7","10,6","11,65","94,625","1,541666667","1,9881","67,4",2022,"1988,1"
03/06/2022,"18,9","10,9","14,9","84,79166667",1,"9,5717","0,2",2022,"9571,7"
04/06/2022,"23,3","8,6","15,95","83,58333333","1,083333333","7,5936",0,2022,"7593,6"
05/06/2022,"25,8",16,"20,9","71,875","1,791666667","8,0783",0,2022,"8078,3"
06/06/2022,"20,2",17,"18,6","77,18181818","2,727272727","0,0006",0,2022,"0,6"
07/06/2022,"21,89","17,54","19,715","91,19","1,66","9,94","32,7",2022,9940
08/06/2022,"21,87","15,84","18,855","87,25","1,43","11,09",0,2022,11090
09/06/2022,"20,11","15,58","17,845","95,25","2,11","2,84",0,2022,2840
10/06/2022,"18,33","12,64","15,485","83,12","3,59","6,55","22,3",2022,6550
11/06/2022,"13,85","7,8","10,825","66,31","2,8","14,72",0,2022,14720
12/06/2022,"14,26","6,16","10,21","63,56","2,74","16,42",0,2022,16420
13/06/2022,"17,35","6,67","12,01","65,88","1,46","16,2",0,2022,16200
14/06/2022,"18,9","8,21","13,555","84,75","2,55","14,18",0,2022,14180
15/06/2022,"20,2","10,71","15,455","88,88","2,12","15,12",0,2022,15120
16/06/2022,"22,06","13,05","17,555","90,56","2,11","13,28",0,2022,13280
17/06/2022,"21,49","14,43","17,96","90,56","3,38","5,11",0,2022,5110
18/06/2022,"15,42","9,65","12,535","70,56","2,6","16,2",0,2022,16200
19/06/2022,"18,23","8,33","13,28","78,62","2,24","13,61",0,2022,13610
20/06/2022,"21,39","13,98","17,685","90,44","2,05","12,74",0,2022,12740
21/06/2022,"23,37","16,42","19,895","90,75","2,56","12,31",0,2022,12310
22/06/2022,"24,41","19,48","21,945","86,94","1,83","14,29",0,2022,14290
23/06/2022,"24,12","18,74","21,43","90,56","1,11","13,25",0,2022,13250
24/06/2022,"24,95","18,09","21,52","90,38","1,47","13,32",0,2022,13320
25/06/2022,"23,39","17,35","20,37","87,81","1,8","9,72",0,2022,9720
26/06/2022,"23,78","16,97","20,375","84,31","1,3","4,39",0,2022,4390
27/06/2022,"23,06","16,65","19,855","85,31","2,57","14,58",0,2022,14580
28/06/2022,"23,8","16,29","20,045","84,69","2,56","14,04",0,2022,14040
29/06/2022,"17,52","12,93","15,225",75,"2,29","14,44",0,2022,14440
30/06/2022,"20,84","11,8","16,32","76,88","1,6","15,66",0,2022,15660
01/07/2022,"22,74","13,54","18,14","84,62","3,05","14,9",0,2022,14900
02/07/2022,"23,8","15,32","19,56","85,38","2,73","15,19",0,2022,15190
03/07/2022,"24,11","19,93","22,02","83,5","2,56","14,15",0,2022,14150
04/07/2022,"24,73","17,35","21,04","82,44","2,84","14,65",0,2022,14650
05/07/2022,"23,34","16,26","19,8","81,88","2,89","12,17",0,2022,12170
06/07/2022,"22,98","15,94","19,46","77,69","2,99",14,0,2022,14000
07/07/2022,"24,03","15,91","19,97","81,19","2,45","14,94",0,2022,14940
08/07/2022,"23,06","15,65","19,355","81,19","2,39","12,67",0,2022,12670
09/07/2022,"24,82","16,44","20,63","79,56","2,82","15,48",0,2022,15480
10/07/2022,"24,63","16,2","20,415",79,"3,32","13,28",0,2022,13280
11/07/2022,"25,56","17,83","21,695","75,06","4,09","12,38",0,2022,12380
12/07/2022,"17,03","12,52","14,775","78,06","2,82","10,87","25,3",2022,10870
13/07/2022,"21,58","10,28","15,93","77,44","2,31","14,98",0,2022,14980
14/07/2022,"23,78","17,04","20,41","84,5","3,12","13,93",0,2022,13930
15/07/2022,"23,83","19,08","21,455","73,19","3,7","11,27",0,2022,11270
16/07/2022,"23,4","12,08","17,74","80,44","3,99","5,36",0,2022,5360
17/07/2022,"14,45","9,45","11,95","73,38","2,27","12,38",0,2022,12380
18/07/2022,"19,06","11,41","15,235","73,69","1,59","7,45",0,2022,7450
19/07/2022,"24,48","14,24","19,36","87,19","1,31","15,41","12,3",2022,15410
20/07/2022,"25,72","17,65","21,685","86,44","1,74","15,52",0,2022,15520
21/07/2022,"25,21","17,39","21,3","82,06","2,35","14,69",0,2022,14690
22/07/2022,"25,69","17,58","21,635","76,25","2,53","15,95",0,2022,15950
23/07/2022,"25,6","17,07","21,335","75,06","2,55","14,69",0,2022,14690
24/07/2022,"26,28","17,27","21,775","72,88","2,33","16,16",0,2022,16160
25/07/2022,"26,73","18,32","22,525","71,19",2,"15,8",0,2022,15800
26/07/2022,"31,5",15,"23,25","47,8","0,8","8,8402",0,2022,"8840,2"
27/07/2022,"29,9","13,9","21,9","59,66666667","1,5","13,5701",0,2022,"13570,1"
28/07/2022,"32,3",15,"23,65","58,95833333","1,666666667","14,0793",0,2022,"14079,3"
29/07/2022,"24,8",10,"17,4",71,"4,25","15,1124",4,2022,"15112,4"
30/07/2022,"22,5","5,5",14,"68,33333333","1,5","15,7532",0,2022,"15753,2"
31/07/2022,"26,7","6,3","16,5","63,91666667","0,875","15,2462",0,2022,"15246,2"
01/08/2022,"29,3","13,8","21,55","62,25","1,375","11,8713",0,2022,"11871,3"
02/08/2022,31,"17,8","24,4","56,25","2,041666667","10,6162",0,2022,"10616,2"
03/08/2022,"32,3","16,9","24,6","51,04166667",2,"14,7553",0,2022,"14755,3"
04/08/2022,"24,9",17,"20,95","62,58333333","1,375","2,7503","3,8",2022,"2750,3"
05/08/2022,"20,5","10,6","15,55","80,20833333","2,375","13,1284","0,2",2022,"13128,4"
06/08/2022,"17,3","8,9","13,1","89,70833333","1,833333333","1,7973","9,6",2022,"1797,3"
07/08/2022,18,"13,4","15,7","93,33333333","1,208333333","1,5263","23,8",2022,"1526,3"
08/08/2022,"23,2","15,5","19,35","89,16666667","1,708333333","9,7422",1,2022,"9742,2"
09/08/2022,"17,5",13,"15,25","85,79166667","3,291666667","2,775",0,2022,2775
10/08/2022,"18,3","9,6","13,95","77,45833333","5,125","11,1041","0,4",2022,"11104,1"
11/08/2022,"24,4","6,6","15,5","68,125","1,416666667","16,7994",0,2022,"16799,4"
12/08/2022,"24,7","11,7","18,2","61,66666667","2,5","16,6822",0,2022,"16682,2"
13/08/2022,"27,9","12,6","20,25","55,91666667","1,75","14,582",0,2022,14582
14/08/2022,"31,5","15,3","23,4","47,70833333","2,291666667","16,3283",0,2022,"16328,3"
15/08/2022,"32,9","21,4","27,15","42,66666667","2,125","15,4113",0,2022,"15411,3"
16/08/2022,"26,8",15,"20,9","80,95833333","1,625","3,4137","34,8",2022,"3413,7"
17/08/2022,"22,6","13,5","18,05","85,83333333","1,75","5,0856",0,2022,"5085,6"
18/08/2022,"21,3","12,1","16,7","80,125","4,125","7,214","22,4",2022,7214
19/08/2022,"16,8",3,"9,9","57,58333333","3,041666667","18,4743",0,2022,"18474,3"
20/08/2022,"21,4","0,4","10,9","59,5","2,166666667","18,5195",0,2022,"18519,5"
21/08/2022,"24,5","7,6","16,05","66,95833333","1,208333333","17,2769",0,2022,"17276,9"
22/08/2022,"26,9",11,"18,95","71,16666667","1,375","17,403",0,2022,17403
23/08/2022,"29,7","11,7","20,7","68,29166667","1,083333333","17,0822",0,2022,"17082,2"
24/08/2022,"29,9","14,9","22,4","56,95833333","1,666666667","16,6299",0,2022,"16629,9"
25/08/2022,"31,5","14,2","22,85","54,29166667","1,583333333","17,2915",0,2022,"17291,5"
26/08/2022,"31,8","14,4","23,1","55,125","1,458333333","17,8466",0,2022,"17846,6"
27/08/2022,33,"16,9","24,95","45,5","2,166666667","17,6504",0,2022,"17650,4"
28/08/2022,"27,4","14,1","20,75","60,29166667","3,333333333","12,1181",0,2022,"12118,1"
29/08/2022,"24,6","7,8","16,2","62,875","3,208333333","16,7833",0,2022,"16783,3"
30/08/2022,25,"9,6","17,3","52,54166667","1,666666667","18,9455",0,2022,"18945,5"
31/08/2022,"28,1","12,2","20,15","53,5","2,416666667","17,8246",0,2022,"17824,6"
01/09/2022,"32,1","17,3","24,7","51,25","2,541666667","16,579",0,2022,16579
02/09/2022,"26,1","17,5","21,8","70,91666667","3,083333333","6,1939","3,6",2022,"6193,9"
03/09/2022,"23,6","13,6","18,6","74,875","3,625","12,6148","3,2",2022,"12614,8"
04/09/2022,"22,9","6,8","14,85","61,41666667","1,666666667","13,7848","1,6",2022,"13784,8"
05/09/2022,"17,5","11,8","14,65","85,41666667","1,416666667","3,7413","3,6",2022,"3741,3"
06/09/2022,"18,7","12,1","15,4","87,33333333","1,041666667","4,6358",3,2022,"4635,8"
07/09/2022,"26,8","14,3","20,55","81,125","1,291666667","15,3433",38,2022,"15343,3"
08/09/2022,33,"18,9","25,95","61,75","2,416666667","16,3479",0,2022,"16347,9"
09/09/2022,"33,7","19,2","26,45","56,45833333","2,75","10,4767",0,2022,"10476,7"
10/09/2022,"21,2","12,4","16,8","74,375","4,208333333","14,3113",0,2022,"14311,3"
11/09/2022,"24,4","9,8","17,1","64,125","1,25","10,6149",0,2022,"10614,9"
12/09/2022,"20,6","15,8","18,2","84,91666667","1,333333333","1,8949",16,2022,"1894,9"
13/09/2022,"21,8","12,9","17,35","89,41666667","0,7083333333","6,777",3,2022,6777
14/09/2022,"22,1","14,4","18,25","83,75","0,9166666667","8,4976","1,2",2022,"8497,6"
15/09/2022,"23,7","10,5","17,1","68,91666667","1,708333333","19,4027",0,2022,"19402,7"
16/09/2022,"27,7","10,4","19,05","64,625","1,083333333","18,3377",0,2022,"18337,7"
17/09/2022,"26,8","13,4","20,1","51,91666667","2,958333333","20,1289",0,2022,"20128,9"
18/09/2022,"29,5","12,1","20,8","47,375","2,833333333","18,9292",0,2022,"18929,2"
19/09/2022,"22,3","14,7","18,5","70,66666667","3,083333333","1,0295","26,4",2022,"1029,5"
20/09/2022,"24,9","12,8","18,85","83,29166667",1,"14,4528","0,4",2022,"14452,8"
21/09/2022,"20,1","15,8","17,95","92,47826087","1,130434783","2,3461","26,6",2022,"2346,1"
22/09/2022,"21,7",15,"18,35","77,875","3,666666667","13,4943","0,4",2022,"13494,3"
23/09/2022,"21,8",6,"13,9","63,41666667","2,583333333","21,4353",0,2022,"21435,3"
24/09/2022,"26,1","6,8","16,45","55,33333333","1,458333333","18,0747",0,2022,"18074,7"
25/09/2022,"20,7","14,3","17,5","76,45833333",3,"3,3127","38,4",2022,"3312,7"
26/09/2022,"18,8","14,9","16,85","92,25","1,708333333","1,8851","29,8",2022,"1885,1"
27/09/2022,"20,1",16,"18,05","91,75","1,208333333","2,3073","27,4",2022,"2307,3"
28/09/2022,"21,7","15,6","18,65","87,66666667","1,5","4,3629",3,2022,"4362,9"
29/09/2022,"24,6","13,8","19,2","80,08333333","1,625","14,1099","25,2",2022,"14109,9"
30/09/2022,"23,6","16,5","20,05","77,29166667","1,25","10,967","0,2",2022,10967
01/10/2022,"26,7","16,8","21,75","81,5","0,4166666667","10,042",2,2022,10042
02/10/2022,"27,9","13,8","20,85","72,79166667","1,5","20,2745",0,2022,"20274,5"
03/10/2022,"27,6","13,2","20,4","58,95833333","2,25","21,2839",0,2022,"21283,9"
04/10/2022,"31,6","11,9","21,75","55,83333333","0,625","21,9838",0,2022,"21983,8"
05/10/2022,"24,1",16,"20,05","69,66666667","2,458333333","2,6352","14,4",2022,"2635,2"
06/10/2022,"21,8","17,1","19,45","84,54166667","2,5","1,4872",54,2022,"1487,2"
07/10/2022,22,"12,7","17,35","76,91666667","2,791666667","16,3008","0,6",2022,"16300,8"
08/10/2022,"27,9","10,1",19,"65,33333333","1,791666667","22,423",0,2022,22423
09/10/2022,"26,4","14,9","20,65","59,66666667","3,166666667","13,068",0,2022,13068
10/10/2022,"21,7",14,"17,85","81,41666667","2,125","4,9137","7,4",2022,"4913,7"
11/10/2022,16,"14,6","15,3","94,39130435","0,7391304348","1,2472",34,2022,"1247,2"
12/10/2022,"20,6","13,9","17,25","84,875","1,083333333","10,121","0,2",2022,10121
13/10/2022,"27,4","15,4","21,4","85,20833333","0,7083333333","11,0684","12,6",2022,"11068,4"
14/10/2022,"25,3","17,3","21,3","83,79166667","1,083333333","11,4304","12,2",2022,"11430,4"
15/10/2022,"26,4","18,3","22,35","76,54166667","1,25","11,377","0,4",2022,11377
16/10/2022,30,"18,1","24,05","74,83333333","1,25","18,0261","0,2",2022,"18026,1"
17/10/2022,"31,8","17,4","24,6","71,04761905","1,285714286","13,049","0,8",2022,13049
18/10/2022,"27,4","17,8","22,6","80,83333333","1,25","10,5381","2,6",2022,"10538,1"
19/10/2022,"28,9","18,1","23,5","80,375","0,75","12,9923",0,2022,"12992,3"
20/10/2022,"24,3","16,7","20,5","89,66666667","3,583333333","2,1773",109,2022,"2177,3"
21/10/2022,"26,2","15,8",21,"79,125","1,916666667","18,784","0,4",2022,18784
22/10/2022,"26,9","14,3","20,6",75,"1,958333333","22,3869",0,2022,"22386,9"
23/10/2022,"30,9","15,3","23,1","65,75","1,5","23,2898",0,2022,"23289,8"
24/10/2022,32,"15,3","23,65","53,66666667","1,416666667","23,7042",0,2022,"23704,2"
25/10/2022,"33,9","14,7","24,3","51,75","1,958333333","23,4602",0,2022,"23460,2"
26/10/2022,"34,2","19,8",27,"47,66666667","2,166666667","23,0432",0,2022,"23043,2"
27/10/2022,"29,5","19,4","24,45","64,29166667","1,75","15,8456",0,2022,"15845,6"
28/10/2022,"33,7","17,9","25,8","65,29166667","1,291666667","22,789",0,2022,22789
29/10/2022,"27,5","19,9","23,7","68,79166667","1,458333333","6,4022","1,6",2022,"6402,2"
30/10/2022,25,"17,6","21,3","86,04166667","2,166666667","6,5635","56,4",2022,"6563,5"
31/10/2022,"22,2","12,1","17,15","89,16666667","4,416666667","3,6738","39,4",2022,"3673,8"
01/11/2022,"20,1","8,8","14,45","65,83333333","6,083333333","23,7698",0,2022,"23769,8"
02/11/2022,"24,3","5,9","15,1","53,20833333","2,625","25,5107",0,2022,"25510,7"
03/11/2022,"27,2","9,9","18,55","50,375","1,875","24,9946",0,2022,"24994,6"
04/11/2022,"26,3","11,5","18,9","54,375","1,583333333","24,6491",0,2022,"24649,1"
05/11/2022,"27,9","11,8","19,85","57,08333333","1,458333333","22,7985",0,2022,"22798,5"
06/11/2022,"28,4","15,8","22,1","51,5","1,791666667","23,54",0,2022,23540
07/11/2022,"28,8","13,4","21,1","52,66666667","1,625","19,9915",0,2022,"19991,5"
08/11/2022,30,"12,9","21,45","49,20833333","1,541666667","24,8748",0,2022,"24874,8"
09/11/2022,"31,3","12,3","21,8","47,625","1,125","23,976",0,2022,23976
10/11/2022,"33,8","14,4","24,1","46,08333333","2,041666667","19,6214","0,8",2022,"19621,4"
11/11/2022,"29,5","16,7","23,1","70,83333333","2,208333333","17,9496","7,2",2022,"17949,6"
12/11/2022,"30,5","18,8","24,65","71,75","1,708333333","15,649",0,2022,15649
13/11/2022,"24,3","16,4","20,35","85,54166667","2,458333333","6,6709","78,6",2022,"6670,9"
14/11/2022,"26,8","15,6","21,2","79,08333333","2,083333333","19,5133","0,6",2022,"19513,3"
15/11/2022,"28,5","11,7","20,1","59,16666667","1,75","25,3336",0,2022,"25333,6"
16/11/2022,31,"12,1","21,55","55,70833333","1,75","25,4939",0,2022,"25493,9"
17/11/2022,"31,7","16,1","23,9","50,04166667","1,875","25,0287",0,2022,"25028,7"
18/11/2022,"32,7","16,9","24,8","40,25","2,291666667","25,9952",0,2022,"25995,2"
19/11/2022,33,"15,4","24,2","50,58333333","1,875","25,2058",0,2022,"25205,8"
20/11/2022,33,"19,9","26,45","56,79166667","2,291666667","23,3504",0,2022,"23350,4"
21/11/2022,"27,8","20,1","23,95","71,375","2,333333333","8,1072","0,8",2022,"8107,2"
22/11/2022,"27,2","17,9","22,55","80,75","1,5","16,1155","0,2",2022,"16115,5"
23/11/2022,28,"17,2","22,6","72,41666667","2,25","24,6385",0,2022,"24638,5"
24/11/2022,"30,7","13,8","22,25","62,79166667","2,166666667","25,4266",0,2022,"25426,6"
25/11/2022,"30,9","16,2","23,55","62,29166667","1,916666667","24,8028",0,2022,"24802,8"
26/11/2022,"31,2","17,6","24,4","61,58333333","1,041666667","25,0786",0,2022,"25078,6"
27/11/2022,31,"19,7","25,35","62,83333333","1,25","19,2346",0,2022,"19234,6"
28/11/2022,31,"18,5","24,75","64,375","1,291666667","22,7605",0,2022,"22760,5"
29/11/2022,"30,7","17,4","24,05","61,08333333","1,291666667","20,3277",0,2022,"20327,7"
30/11/2022,"31,8","19,1","25,45","64,91666667","1,916666667","21,8964",0,2022,"21896,4"
01/12/2022,"34,2",18,"26,1","65,26086957","1,391304348","21,7164",0,2022,"21716,4"
02/12/2022,"33,8","20,1","26,95","74,125","1,375","16,1013","1,4",2022,"16101,3"
03/12/2022,"32,4","18,7","25,55","79,125",1,"17,8831","0,2",2022,"17883,1"
04/12/2022,"31,3","21,1","26,2","78,91666667","0,9583333333","14,8995",0,2022,"14899,5"
05/12/2022,"32,5","21,1","26,8","76,69565217","0,9565217391","14,1855",0,2022,"14185,5"
06/12/2022,"34,3","21,8","28,05","71,33333333","1,25","22,0162",0,2022,"22016,2"
07/12/2022,36,"22,4","29,2","68,83333333","1,041666667","24,7925",0,2022,"24792,5"
08/12/2022,"36,3","22,4","29,35","68,20833333","1,333333333","19,2291",0,2022,"19229,1"
09/12/2022,"36,7","23,8","30,25","71,125","1,333333333","20,3473",0,2022,"20347,3"
10/12/2022,"33,2","22,1","27,65","68,52380952","1,380952381","19,3314",0,2022,"19331,4"
11/12/2022,"33,5","22,8","28,15","76,54166667","1,291666667","18,0164","4,4",2022,"18016,4"
12/12/2022,"32,7","22,4","27,55","81,83333333","0,6666666667","17,8763",14,2022,"17876,3"
13/12/2022,"32,4","21,8","27,1","75,75","1,916666667","23,6693",3,2022,"23669,3"
14/12/2022,"31,6","13,7","22,65","61,75","0,875","23,5736",0,2022,"23573,6"
15/12/2022,"31,8","18,5","25,15","65,70833333","1,375","25,3613",0,2022,"25361,3"
16/12/2022,"33,1","19,2","26,15","63,125","1,666666667","24,9822",0,2022,"24982,2"
17/12/2022,"32,8","17,1","24,95","57,45833333","1,333333333","24,4247",0,2022,"24424,7"
18/12/2022,28,"19,4","23,7","73,625","1,25","15,7673","1,8",2022,"15767,3"
19/12/2022,"31,1","18,3","24,7","72,25","1,041666667","22,4576",0,2022,"22457,6"
20/12/2022,"32,3","17,4","24,85","66,86956522","1,608695652","24,2784",0,2022,"24278,4"
21/12/2022,"32,2",19,"25,6","61,58333333","1,75","23,4705",0,2022,"23470,5"
22/12/2022,32,"18,4","25,2","61,08333333","1,875","24,6009","0,4",2022,"24600,9"
23/12/2022,"32,7","18,3","25,5","62,66666667","1,666666667","23,9744",0,2022,"23974,4"
24/12/2022,"32,7",18,"25,35","59,25","1,625","21,9922",0,2022,"21992,2"
25/12/2022,"31,6","21,4","26,5","67,79166667","1,041666667","19,0918",0,2022,"19091,8"
26/12/2022,"33,4","18,1","25,75","66,45833333","1,208333333","24,554",0,2022,24554
27/12/2022,"35,3","19,9","27,6","62,91666667","1,375","23,5252",0,2022,"23525,2"
28/12/2022,"31,6",21,"26,3","70,79166667","2,541666667","19,3743",0,2022,"19374,3"
29/12/2022,"35,5","17,1","26,3","52,45833333","2,166666667","25,8438",0,2022,"25843,8"
30/12/2022,"34,8",17,"25,9","54,83333333","1,125","25,5503",0,2022,"25550,3"
31/12/2022,"36,3","20,5","28,4","58,625","1,5","25,1356",0,2022,"25135,6"
01/01/2023,"37,2","23,5","30,35","60,08333333","1,666666667","25,3215",0,2023,"25321,5"
02/01/2023,"30,8",20,"25,4","76,25","1,291666667","10,5559","41,8",2023,"10555,9"
03/01/2023,"30,6","19,7","25,15","83,95833333","1,291666667","15,3676","9,2",2023,"15367,6"
04/01/2023,"31,4","18,6",25,"73,875","2,333333333","23,8268","1,6",2023,"23826,8"
05/01/2023,"32,9","16,6","24,75","61,70833333","1,125","25,4442",0,2023,"25444,2"
06/01/2023,"31,8","15,9","23,85","55,875","1,291666667","26,2215",0,2023,"26221,5"
07/01/2023,"30,1",17,"23,55","57,125","1,875","22,8523",0,2023,"22852,3"
08/01/2023,"31,1","19,9","25,5","59,08333333","1,75","22,9468",0,2023,"22946,8"
09/01/2023,"30,6","18,9","24,75","66,83333333","1,5","18,1204",0,2023,"18120,4"
10/01/2023,30,"19,2","24,6","78,375","1,625","11,7158","0,8",2023,"11715,8"
11/01/2023,"32,2","19,1","25,65","73,45833333","0,7916666667","23,841",0,2023,23841
12/01/2023,"32,5","20,4","26,45","69,45833333","1,375","21,1288",0,2023,"21128,8"
13/01/2023,"31,9","20,8","26,35","76,41666667","1,958333333","17,2631","9,8",2023,"17263,1"
14/01/2023,"29,4","20,1","24,75","82,70833333","1,041666667","13,1518","0,6",2023,"13151,8"
15/01/2023,"30,8","19,9","25,35","81,25","0,75","18,7608","0,4",2023,"18760,8"
16/01/2023,"33,1",20,"26,55","70,875","1,208333333","23,0159",0,2023,"23015,9"
17/01/2023,"32,8","21,3","27,05","76,04166667","1,75","14,8238","4,6",2023,"14823,8"
18/01/2023,"34,2","20,4","27,3","75,54166667","1,458333333","18,9218",0,2023,"18921,8"
19/01/2023,"33,4","19,3","26,35","73,45833333","1,125","23,4934",0,2023,"23493,4"
20/01/2023,34,"19,4","26,7","70,41666667","1,375","23,4394",0,2023,"23439,4"
21/01/2023,"33,8","21,3","27,55","72,95833333","1,5","17,5123",0,2023,"17512,3"
22/01/2023,"26,8","19,8","23,3","83,41666667","1,208333333","5,7127","10,2",2023,"5712,7"
23/01/2023,"32,7","19,1","25,9","76,70833333","1,333333333","22,7272",0,2023,"22727,2"
24/01/2023,"35,3",21,"28,15","66,875","1,583333333","24,3456",0,2023,"24345,6"
25/01/2023,"36,6","20,9","28,75","61,875","1,625","24,0215",0,2023,"24021,5"
26/01/2023,"35,7","20,9","28,3","57,04166667","1,5","24,3162",0,2023,"24316,2"
27/01/2023,"35,7","21,1","28,4","53,83333333","1,875","23,422",0,2023,23422
28/01/2023,"36,5","21,7","29,1","61,58333333","1,791666667","22,2743",0,2023,"22274,3"
29/01/2023,"34,6","21,6","28,1","70,29166667","1,458333333","13,2353",0,2023,"13235,3"
30/01/2023,"33,8","20,3","27,05","75,25","1,208333333","18,2673","1,2",2023,"18267,3"
31/01/2023,"25,5",21,"23,25","88,80952381","0,7619047619","4,5178","16,4",2023,"4517,8"
01/02/2023,31,"20,3","25,65","80,25","0,9166666667","13,2133",0,2023,"13213,3"
02/02/2023,"32,7","22,4","27,55","77,29166667","1,083333333","18,8005",0,2023,"18800,5"
03/02/2023,27,"18,9","22,95","87,95833333","1,375","9,14",64,2023,9140
04/02/2023,"31,5","20,3","25,9","77,375","1,291666667","19,1387",0,2023,"19138,7"
05/02/2023,"31,8","18,2",25,"69,16666667","1,416666667","20,2794",0,2023,"20279,4"
06/02/2023,"34,4","16,9","25,65","59,70833333","1,625","23,5888",0,2023,"23588,8"
07/02/2023,"36,1","17,9",27,"57,375","1,708333333","24,0882",0,2023,"24088,2"
08/02/2023,36,"17,9","26,95","55,125","1,75","24,3482",0,2023,"24348,2"
09/02/2023,"36,1","18,7","27,4","57,33333333","1,791666667","21,8829",0,2023,"21882,9"
10/02/2023,"32,8",21,"26,9","71,75","1,458333333","16,1162","2,2",2023,"16116,2"
11/02/2023,"32,5","18,7","25,6","74,25","0,9166666667","17,9918",0,2023,"17991,8"
12/02/2023,"35,1","21,4","28,25","67,83333333","1,541666667","18,6652","0,4",2023,"18665,2"
13/02/2023,"31,2","21,1","26,15","78,58333333","1,541666667","14,5445","2,8",2023,"14544,5"
14/02/2023,"30,3","21,7",26,"82,91666667","1,5","9,5093","15,8",2023,"9509,3"
15/02/2023,"28,4","20,1","24,25","83,41666667","2,5","13,3557","66,2",2023,"13355,7"
16/02/2023,"27,9","18,2","23,05","84,125","1,333333333","11,0232","25,4",2023,"11023,2"
17/02/2023,"26,4","18,5","22,45","83,04166667","2,583333333","11,4094",27,2023,"11409,4"
18/02/2023,"24,8","10,8","17,8","58,20833333","4,416666667","24,04",0,2023,24040
19/02/2023,"27,6","11,8","19,7","67,54166667","1,583333333","9,9977",0,2023,"9997,7"
20/02/2023,"21,6","17,8","19,7","88,25","1,25","2,9628",43,2023,"2962,8"
21/02/2023,"30,9","15,4","23,15","78,54166667","0,9583333333","21,7615","0,2",2023,"21761,5"
22/02/2023,33,"19,8","26,4","75,04166667","1,75","17,7695","25,2",2023,"17769,5"
23/02/2023,"30,9","19,3","25,1","84,95833333","1,416666667","12,0893","34,8",2023,"12089,3"
24/02/2023,"27,9","18,1",23,"83,75","1,416666667","13,333","14,4",2023,13333
25/02/2023,32,"20,2","26,1","77,29166667",1,"18,4485",0,2023,"18448,5"
26/02/2023,"26,1","17,7","21,9","79,83333333","2,25","9,9543","43,4",2023,"9954,3"
27/02/2023,26,"19,1","22,55","82,20833333","1,166666667","6,6296",0,2023,"6629,6"
28/02/2023,"31,5","17,1","24,3","78,45833333","1,333333333","14,5756","2,2",2023,"14575,6"
01/03/2023,"28,9","18,3","23,6","77,625","1,416666667","18,8193","0,8",2023,"18819,3"
02/03/2023,"28,1","19,5","23,8","78,45833333","1,416666667","10,5558",0,2023,"10555,8"
03/03/2023,27,"20,4","23,7","84,625","0,7916666667","6,6373","5,6",2023,"6637,3"
04/03/2023,"32,6","21,2","26,9","79,04166667","1,416666667","18,6176","0,6",2023,"18617,6"
05/03/2023,"31,8","20,1","25,95","74,125","2,041666667","21,2915",0,2023,"21291,5"
06/03/2023,"33,5",18,"25,75","68,25","1,041666667","22,3493",0,2023,"22349,3"
07/03/2023,"34,6","17,8","26,2","65,66666667","1,791666667","21,5526",0,2023,"21552,6"
08/03/2023,"29,2","21,1","25,15","78,79166667","0,9583333333","7,1635","2,8",2023,"7163,5"
09/03/2023,"27,1","20,2","23,65","84,58333333","1,875","3,3756","18,2",2023,"3375,6"
10/03/2023,"33,1","18,8","25,95","75,95833333","0,75","20,7556","0,2",2023,"20755,6"
11/03/2023,"32,3","19,9","26,1","75,25","0,75","16,5913",3,2023,"16591,3"
12/03/2023,"32,5","20,7","26,6","75,91666667","1,375","16,8003","27,6",2023,"16800,3"
13/03/2023,"31,2",21,"26,1","78,58333333","1,791666667","15,1048","9,6",2023,"15104,8"
14/03/2023,"29,4","21,1","25,25","80,625","1,333333333","9,7958","1,2",2023,"9795,8"
15/03/2023,"30,5","22,4","26,45","73,70833333","1,5","13,4051",0,2023,"13405,1"
16/03/2023,"31,1","21,7","26,4","72,83333333","1,416666667","17,1149",0,2023,"17114,9"
17/03/2023,"32,8","22,4","27,6","66,20833333","1,25","17,5208",0,2023,"17520,8"
18/03/2023,"33,4","20,9","27,15","68,375","1,333333333","19,5958",0,2023,"19595,8"
19/03/2023,"33,6","19,6","26,6","74,25","1,291666667","20,2496","16,4",2023,"20249,6"
20/03/2023,"34,6","18,7","26,65","67,83333333","0,9166666667","19,1186",0,2023,"19118,6"
21/03/2023,"33,9","20,3","27,1","66,70833333","1,25","20,1319",0,2023,"20131,9"
22/03/2023,"34,8","21,3","28,05","66,08333333","1,208333333","20,2203",0,2023,"20220,3"
23/03/2023,35,"21,2","28,1","64,875","1,291666667","19,4452",0,2023,"19445,2"
24/03/2023,"35,3","21,4","28,35","67,75","0,9583333333","19,3455",0,2023,"19345,5"
25/03/2023,34,"21,7","27,85","75,125","1,041666667","12,7464","1,8",2023,"12746,4"
26/03/2023,"29,6","21,2","25,4","76,79166667","1,833333333","15,6024",0,2023,"15602,4"
27/03/2023,"30,8","16,3","23,55","69,5","1,291666667","19,2838",0,2023,"19283,8"
28/03/2023,33,"18,9","25,95","70,79166667","1,5","18,4063",0,2023,"18406,3"
29/03/2023,"34,3",22,"28,15","71,08333333","1,333333333","17,7352","0,2",2023,"17735,2"
30/03/2023,"26,4","17,7","22,05","79,33333333","1,666666667","9,417","5,8",2023,9417
31/03/2023,"31,7","16,8","24,25","72,83333333","1,291666667","19,1819",0,2023,"19181,9"
01/04/2023,"30,9","20,2","25,55","73,25","1,875","18,57",0,2023,18570
02/04/2023,"30,9","12,9","21,9","59,83333333","1,125","19,9224",0,2023,"19922,4"
03/04/2023,"32,3","16,2","24,25","66,625","1,375","18,2407",0,2023,"18240,7"
04/04/2023,"32,8","19,1","25,95",70,"1,291666667","14,6834",0,2023,"14683,4"
05/04/2023,"27,7","18,7","23,2","76,375","1,333333333","8,6753",0,2023,"8675,3"
06/04/2023,"23,1","18,2","20,65","88,75","1,25","3,5635","23,2",2023,"3563,5"
07/04/2023,"27,9","17,5","22,7","83,625","0,875","12,7755","0,4",2023,"12775,5"
08/04/2023,"27,9",18,"22,95","83,375",1,"13,4761",0,2023,"13476,1"
09/04/2023,"30,8","17,3","24,05","78,29166667","0,9166666667","15,9806",0,2023,"15980,6"
10/04/2023,"30,7","19,2","24,95","73,20833333","1,583333333","17,7668",0,2023,"17766,8"
11/04/2023,31,"17,7","24,35","70,79166667","1,375","17,7683",0,2023,"17768,3"
12/04/2023,"32,5","16,8","24,65","68,875","1,083333333","17,6661",0,2023,"17666,1"
13/04/2023,"27,4","18,2","22,8","76,91666667","1,916666667","7,9339","10,4",2023,"7933,9"
14/04/2023,28,"18,6","23,3","82,79166667","0,7083333333","12,4033","0,4",2023,"12403,3"
15/04/2023,"28,1","17,9",23,"82,58333333","0,7916666667","10,6618",0,2023,"10661,8"
16/04/2023,"29,8","19,1","24,45","83,08333333","1,125","7,6015","45,8",2023,"7601,5"
17/04/2023,"22,6","19,6","21,1","93,45833333","0,4583333333","2,1354",72,2023,"2135,4"
18/04/2023,"25,8","17,9","21,85","82,54166667","1,833333333","13,3323","8,6",2023,"13332,3"
19/04/2023,23,"10,8","16,9","73,20833333","1,875","13,5062",0,2023,"13506,2"
20/04/2023,"22,5","11,6","17,05","65,66666667","1,666666667","17,5989",0,2023,"17598,9"
21/04/2023,"25,8","8,3","17,05","67,91666667","1,208333333","17,441",0,2023,17441
22/04/2023,"26,9","11,1",19,"66,75","1,666666667","15,7276",0,2023,"15727,6"
23/04/2023,29,"12,4","20,7","70,5","1,041666667","15,1614",0,2023,"15161,4"
24/04/2023,"29,4","18,1","23,75","66,79166667","1,666666667","14,4176",0,2023,"14417,6"
25/04/2023,"27,4",17,"22,2","78,95833333","1,875","10,981",43,2023,10981
26/04/2023,"24,4",17,"20,7","86,375","0,8333333333","8,2475","1,4",2023,"8247,5"
27/04/2023,"24,7","13,5","19,1","81,20833333","0,75","14,5108",0,2023,"14510,8"
28/04/2023,"26,9","12,6","19,75","76,20833333","0,875","16,2019",0,2023,"16201,9"
29/04/2023,"27,9","14,5","21,2","75,29166667","1,5","16,0582",0,2023,"16058,2"
30/04/2023,"28,5","15,8","22,15","70,79166667","1,666666667","15,7137",0,2023,"15713,7"
01/05/2023,30,"16,9","23,45","69,79166667","1,416666667","14,3751",0,2023,"14375,1"
02/05/2023,"28,6","18,3","23,45","77,5","1,125","10,0892",0,2023,"10089,2"
03/05/2023,"23,3","19,9","21,6","91,88235294","0,8235294118","2,7379","34,2",2023,"2737,9"
04/05/2023,"27,4","18,6",23,"88,625","0,75","8,1437","0,4",2023,"8143,7"
05/05/2023,"30,2","19,8",25,"82,04166667","1,125","10,4677",0,2023,"10467,7"
06/05/2023,"27,4","19,9","23,65","81,33333333","0,75","8,1893",0,2023,"8189,3"
07/05/2023,"28,9","19,5","24,2","79,16666667","1,333333333","12,2846","2,8",2023,"12284,6"
08/05/2023,"22,7","18,2","20,45","87,70833333","1,583333333","5,9734","1,4",2023,"5973,4"
09/05/2023,"24,9","16,6","20,75","82,70833333","1,666666667","12,5022",0,2023,"12502,2"
10/05/2023,"24,1","10,7","17,4","77,54166667","1,333333333","15,2728",0,2023,"15272,8"
11/05/2023,"23,9","8,5","16,2","70,5","1,458333333","14,991",0,2023,14991
12/05/2023,"23,1","8,7","15,9","69,875","1,5","14,7167",0,2023,"14716,7"
13/05/2023,"23,8","6,3","15,05","70,625","1,25","14,9905",0,2023,"14990,5"
14/05/2023,"25,6",8,"16,8","70,04166667","1,125","14,6524",0,2023,"14652,4"
15/05/2023,"26,8","8,9","17,85","72,95833333","1,416666667","14,6032",0,2023,"14603,2"
16/05/2023,"28,4","9,1","18,75",70,"1,291666667","14,7239",0,2023,"14723,9"
17/05/2023,"26,3","8,6","17,45",65,"1,916666667","14,1616",0,2023,"14161,6"
18/05/2023,"26,4","11,3","18,85","67,79166667","1,166666667","14,1737",0,2023,"14173,7"
19/05/2023,"26,1","11,1","18,6","71,41666667","1,375","13,9781",0,2023,"13978,1"
20/05/2023,"23,1","11,6","17,35","76,79166667","1,208333333","7,0039",0,2023,"7003,9"
21/05/2023,"24,1","13,8","18,95",74,"1,625","6,2765",0,2023,"6276,5"
22/05/2023,"23,8","16,3","20,05","80,75","1,916666667","5,1486","4,2",2023,"5148,6"
23/05/2023,"28,7","18,3","23,5","65,04166667","1,791666667","13,0769",0,2023,"13076,9"
24/05/2023,"28,5","16,3","22,4","63,66666667","2,083333333","13,3555",0,2023,"13355,5"
25/05/2023,"28,9","15,1",22,"62,91666667","1,875","13,2211",0,2023,"13221,1"
26/05/2023,"29,3","19,3","24,3","60,54166667","1,875","12,088",0,2023,12088
27/05/2023,24,"18,2","21,1","74,54166667","1,458333333","2,4419","16,8",2023,"2441,9"
28/05/2023,"22,7","17,2","19,95","87,70833333","1,375","6,1538","0,6",2023,"6153,8"
29/05/2023,"23,5","14,3","18,9","87,79166667","1,125","6,5043",0,2023,"6504,3"
30/05/2023,"21,3","15,6","18,45","82,45833333",1,"5,5642",0,2023,"5564,2"
31/05/2023,"24,5","12,8","18,65","81,29166667","1,083333333","9,4596",0,2023,"9459,6"
01/06/2023,"26,9","12,8","19,85","79,375","0,8333333333","12,4716",0,2023,"12471,6"
02/06/2023,"26,4","12,9","19,65","75,375","1,833333333","13,2293",0,2023,"13229,3"
03/06/2023,"26,6","13,5","20,05","73,58333333","1,041666667","13,1432",0,2023,"13143,2"
04/06/2023,"27,6","13,2","20,4","75,66666667","0,9166666667","13,1488",0,2023,"13148,8"
05/06/2023,28,"12,2","20,1","75,91666667","0,5833333333","11,6561",0,2023,"11656,1"
06/06/2023,26,"12,8","19,4","71,625","1,75","12,6142",0,2023,"12614,2"
07/06/2023,"26,8",12,"19,4","68,83333333","1,375","12,5168",0,2023,"12516,8"
08/06/2023,"27,8","12,4","20,1",72,"1,083333333","12,7541",0,2023,"12754,1"
09/06/2023,"28,6","13,5","21,05","63,5","1,5","12,9816",0,2023,"12981,6"
10/06/2023,"27,9","17,1","22,5","62,20833333","1,75","6,9311",0,2023,"6931,1"
11/06/2023,"23,6","14,1","18,85","79,79166667","1,625","1,5817","14,8",2023,"1581,7"
12/06/2023,"14,9","10,6","12,75","86,66666667","3,083333333","3,0012","13,8",2023,"3001,2"
13/06/2023,"11,4","8,6",10,"84,29166667","3,083333333","2,004","1,4",2023,2004
14/06/2023,"11,1","8,6","9,85","94,41666667","0,9166666667","1,5201","15,2",2023,"1520,1"
15/06/2023,"12,8","9,9","11,35","92,0952381","1,619047619","1,7716","4,2",2023,"1771,6"
16/06/2023,"13,9","10,5","12,2","87,29166667","0,9583333333","4,1929","0,2",2023,"4192,9"
17/06/2023,"16,6","11,1","13,85","84,54166667","0,625","5,5937","0,8",2023,"5593,7"
18/06/2023,"20,1","6,5","13,3","75,16666667","1,5","12,9894",0,2023,"12989,4"
19/06/2023,"22,6","7,4",15,"73,75","1,791666667","13,0286",0,2023,"13028,6"
20/06/2023,"25,2","10,3","17,75","71,45833333","1,583333333","12,342",0,2023,12342
21/06/2023,"21,9","13,4","17,65","76,875","1,625","4,4184",1,2023,"4418,4"
22/06/2023,"22,2","16,4","19,3","83,16666667","2,041666667","3,0483",5,2023,"3048,3"
23/06/2023,"21,3","16,6","18,95","78,04166667","1,958333333","2,4473","12,6",2023,"2447,3"
24/06/2023,"28,6","14,8","21,7","66,54166667","1,791666667","12,2997",0,2023,"12299,7"
25/06/2023,"29,1","15,2","22,15","65,33333333","1,625","12,4327",0,2023,"12432,7"
26/06/2023,"28,4","15,6",22,"65,83333333","1,625","12,5392",0,2023,"12539,2"
27/06/2023,"27,5","13,3","20,4","67,54166667","1,333333333","12,8346",0,2023,"12834,6"
28/06/2023,"28,3","12,4","20,35","68,75","1,166666667","12,5215",0,2023,"12521,5"
29/06/2023,27,"13,6","20,3","75,125","1,041666667","11,9731",0,2023,"11973,1"
30/06/2023,"26,7","13,9","20,3","74,41666667","1,041666667","12,1221",0,2023,"12122,1"
01/07/2023,"26,3","12,6","19,45","77,33333333","1,041666667","12,3746",0,2023,"12374,6"
02/07/2023,"27,1","12,4","19,75","75,08333333","1,041666667","12,7354",0,2023,"12735,4"
03/07/2023,"26,9","12,3","19,6","69,70833333","1,666666667","12,7665",0,2023,"12766,5"
04/07/2023,"25,8","13,6","19,7",67,"1,708333333","13,0125",0,2023,"13012,5"
05/07/2023,"26,6","13,7","20,15","62,66666667","1,791666667","11,0114",0,2023,"11011,4"
06/07/2023,"24,6","15,2","19,9","61,16666667","1,833333333","7,222",0,2023,7222
07/07/2023,"26,8","18,2","22,5","56,66666667","1,958333333","7,3974",0,2023,"7397,4"
08/07/2023,"23,4","17,7","20,55","70,33333333","1,458333333","4,4849","0,4",2023,"4484,9"
09/07/2023,"26,4","17,7","22,05","82,83333333",2,"7,7476","2,6",2023,"7747,6"
10/07/2023,"22,8","17,8","20,3","86,70833333","1,583333333","3,3311","25,2",2023,"3331,1"
11/07/2023,"28,4","19,1","23,75","77,25","1,125","6,1997",0,2023,"6199,7"
12/07/2023,"29,2","16,8",23,"70,625","2,333333333","6,1062","7,4",2023,"6106,2"
13/07/2023,"16,9","10,6","13,75","78,41666667","4,833333333","4,9344","0,2",2023,"4934,4"
14/07/2023,"16,2","5,6","10,9","76,125","2,083333333","12,5923",0,2023,"12592,3"
15/07/2023,"20,8","3,8","12,3","74,95833333","0,875","10,9585",0,2023,"10958,5"
16/07/2023,"25,6","11,7","18,65","68,08333333","0,7083333333","10,8703",0,2023,"10870,3"
17/07/2023,"19,1","13,1","16,1","80,79166667","1,166666667","4,9148",0,2023,"4914,8"
18/07/2023,"17,3","10,4","13,85",83,"1,375","6,6891",0,2023,"6689,1"
19/07/2023,"23,2","8,7","15,95","83,75","0,7083333333","7,4672",0,2023,"7467,2"
20/07/2023,"27,4",14,"20,7","70,54166667","1,541666667","8,0137",0,2023,"8013,7"
21/07/2023,"29,1","18,6","23,85","63,33333333","2,791666667","12,8095",0,2023,"12809,5"
22/07/2023,"29,8","20,1","24,95","60,25","2,208333333","13,1774",0,2023,"13177,4"
23/07/2023,"30,6","14,9","22,75","57,29166667","1,25","13,432",0,2023,13432
24/07/2023,"29,1","18,2","23,65","60,83333333","1,666666667","9,7555",0,2023,"9755,5"
25/07/2023,"30,5",17,"23,75","57,5","1,666666667","13,3877",0,2023,"13387,7"
26/07/2023,"27,5","18,3","22,9","60,75","1,5","2,4927",1,2023,"2492,7"
27/07/2023,"20,1","16,8","18,45","96,625","1,708333333","2,2609","1,4",2023,"2260,9"
28/07/2023,"21,4","17,2","19,3","95,41666667","5,708333333","4,687",19,2023,4687
29/07/2023,"22,4","15,2","18,8","90,875","1,666666667","13,1099",0,2023,"13109,9"
30/07/2023,"26,4","13,9","20,15","85,5","1,541666667","16,5609",0,2023,"16560,9"
31/07/2023,"28,1","16,3","22,2","76,66666667","1,958333333","17,12",0,2023,17120
01/08/2023,"28,1","15,9",22,"76,25","1,916666667","17,0681",0,2023,"17068,1"
02/08/2023,"29,8",18,"23,9","66,29166667","2,458333333","17,7575",0,2023,"17757,5"
03/08/2023,"30,5","15,2","22,85","62,95833333","1,708333333","17,2054",0,2023,"17205,4"
04/08/2023,"30,3","14,1","22,2","65,91666667","1,541666667","17,492",0,2023,17492
05/08/2023,"31,8","14,7","23,25","61,83333333","2,25","17,8818",0,2023,"17881,8"
06/08/2023,"32,1","17,9",25,"54,625","2,833333333","17,4489",0,2023,"17448,9"
07/08/2023,"27,5","19,4","23,45","65,125","3,25","9,2394",3,2023,"9239,4"
08/08/2023,"22,3",17,"19,65","89,41666667",2,"2,8514","3,6",2023,"2851,4"
09/08/2023,"22,7","16,8","19,75","92,45833333","3,166666667","8,0123","40,8",2023,"8012,3"
10/08/2023,"30,1","17,9",24,"77,04166667","3,25","14,2179",0,2023,"14217,9"
11/08/2023,"31,5",22,"26,75","62,79166667","3,458333333","14,7423",0,2023,"14742,3"
12/08/2023,"24,5","16,4","20,45","89,33333333","3,375","3,3551","21,4",2023,"3355,1"
13/08/2023,"21,1","10,2","15,65","76,375","3,375","15,0304",0,2023,"15030,4"
14/08/2023,"25,5","12,3","18,9","76,5","1,25","16,3117",0,2023,"16311,7"
15/08/2023,"29,3",15,"22,15","78,45833333","2,208333333","18,4902",0,2023,"18490,2"
16/08/2023,32,"18,2","25,1","64,83333333","3,583333333","18,1818",0,2023,"18181,8"
17/08/2023,"32,5","20,6","26,55","58,54166667","4,25","18,5621",0,2023,"18562,1"
18/08/2023,"25,7","14,5","20,1","69,41666667",5,"4,1601","17,2",2023,"4160,1"
19/08/2023,"22,4","11,5","16,95","86,625","2,041666667","16,077","0,2",2023,16077
20/08/2023,"23,8",13,"18,4","88,25","1,916666667","7,3534",0,2023,"7353,4"
21/08/2023,"29,9","14,9","22,4","78,08333333","2,375","19,0553",0,2023,"19055,3"
22/08/2023,"32,8","21,8","27,3","64,33333333","5,125","16,0333",0,2023,"16033,3"
23/08/2023,"34,7","22,3","28,5","57,5","3,458333333","18,0608",0,2023,"18060,8"
24/08/2023,"29,9","22,2","26,05","64,22222222","2,444444444","4,8947",0,2023,"4894,7"
25/08/2023,"24,9","18,5","21,7","88,33333333","2,708333333","4,9956",0,2023,"4995,6"
26/08/2023,"23,8","12,7","18,25","66,66666667","3,958333333","18,6454",0,2023,"18645,4"
27/08/2023,"23,9","8,7","16,3",59,"2,291666667","19,7051",0,2023,"19705,1"
28/08/2023,"25,5","8,4","16,95","60,66666667","2,041666667","20,8868",0,2023,"20886,8"
29/08/2023,"25,9","15,1","20,5","62,375","2,416666667","14,9845",0,2023,"14984,5"
30/08/2023,"29,8","14,1","21,95","69,16666667","1,875","20,4331",0,2023,"20433,1"
31/08/2023,32,"18,3","25,15","63,66666667","2,458333333","18,5779",0,2023,"18577,9"
01/09/2023,"31,4","19,7","25,55","64,91666667","4,791666667","11,5692",0,2023,"11569,2"
02/09/2023,"27,8","17,5","22,65","77,54166667","4,375","6,3569",104,2023,"6356,9"
03/09/2023,"34,7","21,7","28,2","69,875","5,416666667","17,9835",0,2023,"17983,5"
04/09/2023,"31,8","17,1","24,45","70,83333333","4,25","7,2717","1,8",2023,"7271,7"
05/09/2023,"22,8",14,"18,4","80,75","2,833333333","14,5739",0,2023,"14573,9"
06/09/2023,"30,9","14,2","22,55","76,79166667","2,833333333","17,0866",0,2023,"17086,6"
07/09/2023,"29,1","19,8","24,45","66,54166667","5,708333333","5,8098",1,2023,"5809,8"
08/09/2023,27,"17,6","22,3","81,95833333","4,666666667","1,491","34,6",2023,1491
09/09/2023,"24,4","17,8","21,1","89,83333333","2,875","7,6664","2,8",2023,"7666,4"
10/09/2023,"29,9","18,4","24,15",80,"2,583333333","20,378",0,2023,20378
11/09/2023,"34,6","19,9","27,25","59,20833333","4,208333333","22,4817",0,2023,"22481,7"
12/09/2023,"35,5","23,1","29,3","49,33333333","4,708333333","16,4192","0,2",2023,"16419,2"
13/09/2023,28,"12,6","20,3","81,125","3,666666667","1,7763","14,4",2023,"1776,3"
14/09/2023,"20,5","11,4","15,95","78,08333333","3,333333333","21,5567","0,2",2023,"21556,7"
15/09/2023,"26,3","6,2","16,25","64,08333333","1,375","24,6335",0,2023,"24633,5"
16/09/2023,"31,7","13,4","22,55","51,875","3,916666667","23,7793",0,2023,"23779,3"
17/09/2023,"36,4","21,9","29,15","47,625","4,708333333","22,7635",0,2023,"22763,5"
18/09/2023,"35,3","21,5","28,4","52,625","4,208333333","19,3426","16,6",2023,"19342,6"
19/09/2023,32,"20,3","26,15","74,66666667","3,041666667","15,2772",0,2023,"15277,2"
20/09/2023,"34,5","19,8","27,15","73,29166667","1,833333333","19,9426",0,2023,"19942,6"
21/09/2023,"36,1",21,"28,55","61,16666667","2,666666667","22,3581",0,2023,"22358,1"
22/09/2023,"37,9","22,9","30,4","54,45833333","2,333333333","22,0213",0,2023,"22021,3"
23/09/2023,"38,4","23,2","30,8","55,70833333","3,166666667","21,9045",0,2023,"21904,5"
24/09/2023,"38,1","24,1","31,1","56,5","2,5","19,4991","4,2",2023,"19499,1"
25/09/2023,"37,5","23,4","30,45","60,33333333","2,625","20,1873",0,2023,"20187,3"
26/09/2023,"37,6","25,6","31,6","56,125","3,166666667","21,45",0,2023,21450
27/09/2023,32,"17,9","24,95","79,45833333","5,875","5,9745",0,2023,"5974,5"
28/09/2023,"28,4","12,1","20,25","72,16666667","2,125","22,0122",0,2023,"22012,2"
29/09/2023,"28,3","20,1","24,2","64,91666667","2,291666667","11,7138",0,2023,"11713,8"
30/09/2023,"30,5","21,1","25,8","70,66666667","1,458333333","16,5236",0,2023,"16523,6"
01/10/2023,"30,3","20,4","25,35","70,20833333",3,"20,2213",1,2023,"20221,3"
02/10/2023,"32,7",17,"24,85","55,125","1,75","24,9068",0,2023,"24906,8"
03/10/2023,"38,6",19,"28,8","52,875","2,916666667","20,399",0,2023,20399
04/10/2023,33,"22,5","27,75","72,95833333","4,458333333","13,6029",17,2023,"13602,9"
05/10/2023,23,"18,4","20,7","92,33333333","2,75","5,5767","3,2",2023,"5576,7"
06/10/2023,"37,4","19,5","28,45","76,75","2,833333333","22,2732",0,2023,"22273,2"
07/10/2023,"30,1","23,6","26,85","68,58333333","3,708333333","19,0062",0,2023,"19006,2"
08/10/2023,"23,6","18,4",21,"92,33333333","3,333333333","4,1546","15,2",2023,"4154,6"
09/10/2023,"27,5","14,5",21,"81,25","2,083333333","24,8416","0,2",2023,"24841,6"
10/10/2023,"32,7","12,6","22,65","67,33333333","2,791666667","26,1814",0,2023,"26181,4"
11/10/2023,"36,8","23,1","29,95","53,79166667","5,666666667","23,2167",0,2023,"23216,7"
12/10/2023,"31,5","19,1","25,3","81,625","4,708333333","9,3446",0,2023,"9344,6"
13/10/2023,"25,9","15,2","20,55","76,91666667","4,666666667","25,1228",0,2023,"25122,8"
14/10/2023,"30,1",17,"23,55","69,875","2,208333333","20,5733",0,2023,"20573,3"
15/10/2023,"34,9",20,"27,45","63,375","3,666666667","23,2061",0,2023,"23206,1"
16/10/2023,"38,8","25,3","32,05","56,75","3,958333333","24,5777",0,2023,"24577,7"
17/10/2023,"31,5","23,4","27,45","65,625","4,041666667","12,1032",0,2023,"12103,2"
18/10/2023,"33,6","20,1","26,85","71,625","2,166666667","17,7586",3,2023,"17758,6"
19/10/2023,"29,9","21,1","25,5","77,79166667","2,833333333","12,9329",2,2023,"12932,9"
20/10/2023,"28,2","19,2","23,7","82,58333333","3,083333333","15,7008",1,2023,"15700,8"
21/10/2023,"33,8","20,7","27,25","73,33333333","2,833333333","25,7619",0,2023,"25761,9"
22/10/2023,"34,5","22,1","28,3","56,875","3,75","25,3254",0,2023,"25325,4"
23/10/2023,36,"19,8","27,9","59,66666667","3,833333333","18,8868",0,2023,"18886,8"
24/10/2023,26,"20,4","23,2","86,29166667","3,791666667","3,8454","37,8",2023,"3845,4"
25/10/2023,"28,3","18,6","23,45","87,58333333","2,5","17,9057",0,2023,"17905,7"
26/10/2023,31,"19,1","25,05","79,33333333","2,916666667","23,2851",0,2023,"23285,1"
27/10/2023,"24,6","20,3","22,45","90,20833333","3,625","2,4184","55,6",2023,"2418,4"
28/10/2023,"25,7","20,6","23,15","89,25","5,125","6,679","40,4",2023,6679
29/10/2023,"32,8","19,9","26,35","87,20833333","3,5","20,8859","7,6",2023,"20885,9"
30/10/2023,"29,6","18,9","24,25","82,45833333","4,541666667","10,8802",5,2023,"10880,2"
31/10/2023,"28,6",19,"23,8","89,41666667","4,458333333","15,0327","33,6",2023,"15032,7"
01/11/2023,30,"21,5","25,75","86,375","2,916666667","17,0573",0,2023,"17057,3"
02/11/2023,"26,6","21,4",24,"89,29166667","4,708333333","6,6614","25,6",2023,"6661,4"
03/11/2023,"25,8","16,5","21,15","86,70833333","5,833333333","10,3361","25,2",2023,"10336,1"
04/11/2023,"22,1","12,8","17,45","71,29166667","3,916666667","24,6611",0,2023,"24661,1"
05/11/2023,"28,5","9,4","18,95","73,79166667","1,083333333","30,5684",0,2023,"30568,4"
06/11/2023,"31,7","14,4","23,05","69,66666667","1,833333333","28,872",0,2023,28872
07/11/2023,32,"17,9","24,95","61,04166667","3,25","29,3492",0,2023,"29349,2"
08/11/2023,34,"20,6","27,3","62,58333333","3,375","24,5651",0,2023,"24565,1"
09/11/2023,"29,5","22,1","25,8",82,"3,041666667","3,0635",17,2023,"3063,5"
10/11/2023,"32,8","20,8","26,8","79,70833333","3,458333333","25,9422",0,2023,"25942,2"
11/11/2023,35,24,"29,5","70,45833333","3,625","26,3885",0,2023,"26388,5"
12/11/2023,"35,7","25,3","30,5","67,5","3,25","21,9059",9,2023,"21905,9"
13/11/2023,"29,1","24,3","26,7","80,25","3,083333333","12,6297",0,2023,"12629,7"
14/11/2023,27,19,23,"89,125","2,958333333","4,5822","54,6",2023,"4582,2"
15/11/2023,"31,8","19,4","25,6","82,70833333","3,375","20,2846","4,2",2023,"20284,6"
16/11/2023,"34,9","26,1","30,5","72,66666667","3,625","16,0932",0,2023,"16093,2"
17/11/2023,"34,4","26,3","30,35","71,83333333","3,375","20,0531",0,2023,"20053,1"
18/11/2023,"32,6","20,8","26,7","67,70833333",4,"16,9783","2,8",2023,"16978,3"
19/11/2023,"30,7","19,5","25,1","81,70833333","2,083333333","25,4036",0,2023,"25403,6"
20/11/2023,"27,7","21,5","24,6","80,75","2,75","16,3913",0,2023,"16391,3"
21/11/2023,"32,4","21,7","27,05","78,04166667","2,833333333","26,8131",0,2023,"26813,1"
22/11/2023,"32,7","23,1","27,9","80,41666667","2,75","16,5673","24,2",2023,"16567,3"
23/11/2023,25,22,"23,5","92,08333333","2,125","5,0158","23,4",2023,"5015,8"
24/11/2023,"26,1","21,8","23,95","92,5","1,166666667","5,5676","3,4",2023,"5567,6"
25/11/2023,23,"18,4","20,7","90,5","2,25","5,259","34,6",2023,5259
26/11/2023,"24,5","18,6","21,55","92,66666667","1,833333333","9,1747","32,8",2023,"9174,7"
27/11/2023,24,"20,6","22,3","93,66666667","2,458333333","5,1114","19,4",2023,"5111,4"
28/11/2023,"25,2","21,1","23,15","92,875","2,291666667","8,6248","22,6",2023,"8624,8"
29/11/2023,"33,2","20,7","26,95","85,45833333","2,125","27,8219",0,2023,"27821,9"
30/11/2023,"34,3","23,2","28,75","82,04166667","1,916666667","28,3178",0,2023,"28317,8"
01/12/2023,"34,6","23,2","28,9","80,70833333","1,75","26,7072",0,2023,"26707,2"
02/12/2023,"34,3","23,1","28,7","78,79166667","2,583333333","22,3535",0,2023,"22353,5"
03/12/2023,34,23,"28,5","83,33333333","1,583333333","22,3234",0,2023,"22323,4"
04/12/2023,"30,7","21,7","26,2",84,"2,041666667","23,438","8,8",2023,23438
05/12/2023,"30,6","22,6","26,6","84,75","2,75","16,2265",0,2023,"16226,5"
06/12/2023,"29,6","22,9","26,25","86,04166667","3,083333333","16,8175","0,2",2023,"16817,5"
07/12/2023,"28,3","20,9","24,6","89,25","2,541666667","9,6538","16,8",2023,"9653,8"
08/12/2023,"29,5","20,6","25,05","84,70833333","1,75","24,7525","0,2",2023,"24752,5"
09/12/2023,32,"18,8","25,4","79,08333333","1,666666667","26,5653",0,2023,"26565,3"
10/12/2023,"27,2","20,6","23,9","89,41666667","2,166666667","5,1233",46,2023,"5123,3"
11/12/2023,30,"19,5","24,75","84,70833333","1,208333333","24,1006",0,2023,"24100,6"
12/12/2023,"31,7","19,6","25,65","81,58333333","2,083333333","29,3665",0,2023,"29366,5"
13/12/2023,"31,1","22,5","26,8","76,83333333","3,625","26,2071",0,2023,"26207,1"
14/12/2023,"33,5","23,4","28,45","73,29166667","3,041666667","25,9389",0,2023,"25938,9"
15/12/2023,"34,6","23,8","29,2","69,25","2,583333333","29,1084",0,2023,"29108,4"
16/12/2023,"36,2","20,9","28,55",69,"1,75","29,9784",0,2023,"29978,4"
17/12/2023,"35,2","23,5","29,35","69,54166667","2,541666667","28,7997",0,2023,"28799,7"
18/12/2023,"35,6","23,2","29,4","71,25","1,875","26,5976",0,2023,"26597,6"
19/12/2023,"32,6","21,9","27,25","78,875","1,666666667","21,6608",0,2023,"21660,8"
20/12/2023,32,"22,9","27,45","81,375","2,541666667","20,1089",0,2023,"20108,9"
21/12/2023,"32,7","22,9","27,8","73,19047619","1,571428571","27,8077",0,2023,"27807,7"
22/12/2023,"35,4","21,8","28,6","70,95833333","1,083333333","28,8209",0,2023,"28820,9"
23/12/2023,"33,1","23,6","28,35","76,20833333","2,375","19,8096",0,2023,"19809,6"
24/12/2023,"28,1","19,8","23,95","87,375","2,833333333","7,4673",2,2023,"7467,3"
25/12/2023,"27,1","21,8","24,45","91,625","2,666666667","4,4551","33,8",2023,"4455,1"
26/12/2023,"29,3","21,2","25,25","81,41666667","1,833333333","27,6013",0,2023,"27601,3"
27/12/2023,"30,8","15,4","23,1","74,08333333","1,25","31,3502",0,2023,"31350,2"
28/12/2023,"34,4","19,4","26,9","71,54166667","2,583333333","30,1031",0,2023,"30103,1"
29/12/2023,32,"21,1","26,55","75,16666667","3,416666667","16,1562","9,8",2023,"16156,2"
30/12/2023,"29,9",18,"23,95","80,33333333","2,166666667","24,227",0,2023,24227
31/12/2023,"31,5","16,8","24,15","75,54166667","1,25","25,2332",0,2023,"25233,2"
01/01/2024,"34,1","20,5","27,3","74,79166667","2,166666667","27,0439",2,2024,"27043,9"
02/01/2024,32,"21,9","26,95","84,625","1,416666667","20,1703",4,2024,"20170,3"
03/01/2024,33,20,"26,5","76,75","1,5","28,3103","0,2",2024,"28310,3"
04/01/2024,33,"20,4","26,7","75,72222222","1,944444444","20,2026",0,2024,"20202,6"
05/01/2024,"31,1","19,6","25,35","78,28571429","1,642857143","8,828",0,2024,8828
06/01/2024,"35,5","21,5","28,5","67,3","1,6","3,9498",0,2024,"3949,8"
07/01/2024,"37,4","24,9","31,15","49,8",3,"20,0366",0,2024,"20036,6"
08/01/2024,"38,1","27,5","32,8","49,83333333","2,166666667","23,2775",0,2024,"23277,5"
09/01/2024,"38,8","21,6","30,2","65,05","2,65","22,558","6,6",2024,22558
10/01/2024,"35,9","20,7","28,3","69,34782609","2,739130435","27,5135",0,2024,"27513,5"
11/01/2024,"30,4","24,1","27,25","75,33333333","2,5","13,0015",0,2024,"13001,5"
12/01/2024,"34,6","20,8","27,7","76,375","2,208333333","26,2427",0,2024,"26242,7"
13/01/2024,"35,2","22,8",29,"71,79166667","2,583333333","24,9897",0,2024,"24989,7"
14/01/2024,"36,2","24,2","30,2","65,17391304","3,086956522","27,6039",0,2024,"27603,9"
15/01/2024,"31,8","22,4","27,1","81,70833333","3,125","7,3321","35,2",2024,"7332,1"
16/01/2024,"35,4","22,6",29,"78,75","3,583333333","26,5194","0,2",2024,"26519,4"
17/01/2024,34,25,"29,5","72,58333333","2,458333333","17,3785",0,2024,"17378,5"
18/01/2024,"36,4","24,7","30,55","70,91666667","3,041666667","26,2065",0,2024,"26206,5"
19/01/2024,"34,3","23,5","28,9","80,82608696","2,695652174","13,8462","1,2",2024,"13846,2"
20/01/2024,33,23,28,"82,66666667","2,416666667","17,126",9,2024,17126
21/01/2024,"35,1","22,4","28,75","75,75","1,625","25,3887",0,2024,"25388,7"
22/01/2024,"27,4","22,2","24,8","83,41666667",3,"11,5065",14,2024,"11506,5"
23/01/2024,"27,3","18,7",23,"81,625","1,708333333","15,4","11,6",2024,15400
24/01/2024,"31,4","18,6",25,"70,83333333","1,916666667","24,7845",0,2024,"24784,5"
25/01/2024,"31,8","15,9","23,85","63,58333333","1,791666667","28,2992",0,2024,"28299,2"
26/01/2024,"31,2","15,1","23,15","59,33333333","2,083333333","24,5351",0,2024,"24535,1"
27/01/2024,"30,8","18,2","24,5","62,5","2,125","24,9713",0,2024,"24971,3"
28/01/2024,33,"15,7","24,35","64,58333333","1,75","29,047",0,2024,29047
29/01/2024,"34,9","18,6","26,75","59,58333333","1,75","29,3831",0,2024,"29383,1"
30/01/2024,"36,9","19,3","28,1",56,"1,708333333","29,4079",0,2024,"29407,9"
31/01/2024,"36,8","19,4","28,1","54,79166667","1,875","27,8261",0,2024,"27826,1"
01/02/2024,"35,8","21,3","28,55","60,875","2,083333333","27,3534",0,2024,"27353,4"
02/02/2024,"36,4","23,2","29,8","57,66666667","3,125","27,4988",0,2024,"27498,8"
03/02/2024,"36,9","22,7","29,8","57,95833333","3,333333333","28,0977",0,2024,"28097,7"
04/02/2024,"35,2","24,1","29,65","60,16666667","2,958333333","25,0133",0,2024,"25013,3"
05/02/2024,"36,1","21,2","28,65","69,5","2,5","26,747",12,2024,26747
06/02/2024,"36,4","21,4","28,9","66,41666667","1,958333333","22,9245",0,2024,"22924,5"
07/02/2024,"35,6","20,6","28,1","72,45833333","1,791666667","19,476",2,2024,19476
08/02/2024,"35,8","21,1","28,45","75,66666667","2,458333333","26,629","9,6",2024,26629
09/02/2024,"36,1","22,3","29,2","73,66666667","2,5","26,0139","0,4",2024,"26013,9"
10/02/2024,"35,5","23,4","29,45","69,25","2,583333333","21,6191","3,2",2024,"21619,1"
11/02/2024,"37,4","24,4","30,9","61,25","2,5","25,971",0,2024,25971
12/02/2024,"38,1","24,1","31,1","57,08333333","3,208333333","27,9419",0,2024,"27941,9"
13/02/2024,"34,6","23,4",29,"66,29166667","2,916666667","16,9784","0,6",2024,"16978,4"
14/02/2024,"30,8",23,"26,9","87,125","1,458333333","16,8934","14,4",2024,"16893,4"
15/02/2024,"29,1","24,2","26,65","87,33333333","1,125","11,8998","2,4",2024,"11899,8"
16/02/2024,"31,2","22,9","27,05","79,125","1,458333333","22,3366","0,6",2024,"22336,6"
17/02/2024,"34,9","20,6","27,75","68,54166667","1,708333333","27,4877","0,4",2024,"27487,7"
18/02/2024,"33,4","20,8","27,1","66,875","2,5","19,1429","0,4",2024,"19142,9"
19/02/2024,"31,6","21,8","26,7","81,91666667","2,041666667","21,7213","19,4",2024,"21721,3"
20/02/2024,"31,2","18,9","25,05","80,41666667","1,291666667","24,4323",0,2024,"24432,3"
21/02/2024,"32,4","18,8","25,6","74,70833333","1,666666667","23,0401",0,2024,"23040,1"
22/02/2024,"33,8","21,1","27,45","69,5","2,25","24,6913",0,2024,"24691,3"
23/02/2024,"32,2","23,2","27,7","72,25","2,166666667","18,9196",0,2024,"18919,6"
24/02/2024,"35,4","23,5","29,45",73,"1,875","25,5778",0,2024,"25577,8"
25/02/2024,"36,2","23,1","29,65","75,08333333","1,75","19,2196",0,2024,"19219,6"
26/02/2024,"35,7",24,"29,85","69,625","2,083333333","24,2489",0,2024,"24248,9"
27/02/2024,"38,1","25,2","31,65","65,5","2,458333333","25,0327",0,2024,"25032,7"
28/02/2024,"37,8","23,3","30,55","69,45833333","1,125","22,1531",0,2024,"22153,1"
29/02/2024,"34,3","23,3","28,8","70,75","2,458333333","19,1727",0,2024,"19172,7"
01/03/2024,"34,7","21,6","28,15","71,29166667","1,916666667","25,6313",0,2024,"25631,3"
02/03/2024,"37,4","22,3","29,85","66,75","2,041666667","25,2637",0,2024,"25263,7"
03/03/2024,"37,5","24,3","30,9","66,125","2,333333333","20,3094",0,2024,"20309,4"
04/03/2024,"30,8","22,5","26,65","80,70833333","2,5","20,2421","3,6",2024,"20242,1"
05/03/2024,"30,4","21,5","25,95","79,95833333","1,958333333","14,6821","0,2",2024,"14682,1"
06/03/2024,"33,5","20,6","27,05","73,16666667","1,583333333","20,0889",0,2024,"20088,9"
07/03/2024,"33,9","23,5","28,7",74,"2,416666667","17,2641",52,2024,"17264,1"
08/03/2024,"30,7","23,2","26,95","84,45833333","2,791666667","12,9487","4,8",2024,"12948,7"
09/03/2024,"33,5",24,"28,75","80,58333333","1,75","21,2346","0,6",2024,"21234,6"
10/03/2024,"34,1",24,"29,05","77,20833333","1,833333333","23,2311",0,2024,"23231,1"
11/03/2024,"34,8","21,4","28,1","71,125","1,75","25,1431",0,2024,"25143,1"
12/03/2024,"35,3","23,6","29,45","66,375","2,25","25,4239",0,2024,"25423,9"
13/03/2024,"36,3","22,9","29,6","59,58333333","2,041666667","25,2647",0,2024,"25264,7"
14/03/2024,"38,1","22,5","30,3","60,91666667","2,083333333","24,3456",0,2024,"24345,6"
15/03/2024,"34,6",25,"29,8","68,29166667","1,333333333","15,8741",0,2024,"15874,1"
16/03/2024,"36,5","25,2","30,85","70,83333333","2,083333333","19,8638",0,2024,"19863,8"
17/03/2024,"29,5",23,"26,25","82,16666667","2,5","7,3885","40,2",2024,"7388,5"
18/03/2024,"32,7","22,7","27,7","83,375","2,208333333","19,4274",0,2024,"19427,4"
19/03/2024,"35,4","25,1","30,25","75,91666667","1,875","22,5951",0,2024,"22595,1"
20/03/2024,"34,9","23,4","29,15","74,29166667","2,791666667","21,8533",0,2024,"21853,3"
21/03/2024,"30,4","19,6",25,"76,79166667","2,791666667","9,6181","8,4",2024,"9618,1"
22/03/2024,"30,3","18,9","24,6","79,54166667","2,875","23,7365",0,2024,"23736,5"
23/03/2024,"29,6","19,8","24,7","67,95833333","1,875","23,6796",0,2024,"23679,6"
24/03/2024,"30,9","18,3","24,6","68,45833333","1,666666667","22,4575",0,2024,"22457,5"
25/03/2024,"30,5","19,9","25,2","73,5","1,5","22,2363",0,2024,"22236,3"
26/03/2024,"33,2","18,7","25,95","70,625","0,9166666667","23,4269",0,2024,"23426,9"
27/03/2024,32,"21,2","26,6","71,45833333","2,25","23,6441",0,2024,"23644,1"
28/03/2024,32,"20,9","26,45","71,20833333","1,916666667","22,3934",0,2024,"22393,4"
29/03/2024,"31,8","20,1","25,95","73,125","1,583333333","17,5805",0,2024,"17580,5"
30/03/2024,"33,3",20,"26,65","68,70833333","1,833333333","22,817",0,2024,22817
31/03/2024,34,"18,5","26,25","66,75","1,625","19,746",0,2024,19746
01/04/2024,"31,3","20,9","26,1",78,"1,125","12,5454","23,6",2024,"12545,4"
02/04/2024,"29,9","21,4","25,65","84,70833333","1,375","16,2386",0,2024,"16238,6"
03/04/2024,"34,6","20,7","27,65","75,20833333","1,541666667","22,0082",0,2024,"22008,2"
04/04/2024,"32,9","24,1","28,5","71,33333333","1,958333333","11,55",0,2024,11550
05/04/2024,"35,6","22,7","29,15","73,16666667","1,125","18,8425","15,4",2024,"18842,5"
06/04/2024,"34,3","19,6","26,95","79,66666667","1,166666667","21,0709","0,2",2024,"21070,9"
07/04/2024,"28,1","19,6","23,85","77,45833333","3,583333333","2,435","29,6",2024,2435
08/04/2024,"29,8",20,"24,9","84,95833333","1,125","16,9652",0,2024,"16965,2"
09/04/2024,32,"21,7","26,85","81,79166667","1,25","17,5357",0,2024,"17535,7"
10/04/2024,32,"21,1","26,55","81,45833333","1,5","16,2635",0,2024,"16263,5"
11/04/2024,"27,1","22,9",25,"84,875","1,291666667","5,2959","1,2",2024,"5295,9"
12/04/2024,"32,5","22,3","27,4","71,625","2,333333333","19,32",0,2024,19320
13/04/2024,"29,8","23,5","26,65","72,16666667","2,541666667","8,4451",0,2024,"8445,1"
14/04/2024,"28,2",23,"25,6","87,33333333","1,958333333","7,5862",0,2024,"7586,2"
15/04/2024,28,23,"25,5","86,29166667","3,25","8,2026","4,2",2024,"8202,6"
16/04/2024,"27,3","20,6","23,95","89,95833333","3,041666667","5,0479","51,2",2024,"5047,9"
17/04/2024,"24,2","17,1","20,65","79,83333333","2,958333333","20,36","0,4",2024,20360
18/04/2024,"26,1","12,2","19,15","69,125","1,958333333","21,4198",0,2024,"21419,8"
19/04/2024,"27,9","12,3","20,1","65,95833333","1,916666667","20,6492",0,2024,"20649,2"
20/04/2024,"29,1","14,1","21,6","70,54166667","2,083333333","20,6268",0,2024,"20626,8"
21/04/2024,31,"15,5","23,25","70,66666667","1,875","20,0667",0,2024,"20066,7"
22/04/2024,"29,9","19,8","24,85","71,25","2,5","10,8055",0,2024,"10805,5"
23/04/2024,"28,8",22,"25,4","86,91666667","2,291666667","4,7066","40,6",2024,"4706,6"
24/04/2024,"23,1","20,6","21,85","91,58333333","1,791666667","1,3669","18,2",2024,"1366,9"
25/04/2024,31,"19,1","25,05","83,33333333","1,125","15,382",0,2024,15382
26/04/2024,"31,9","21,2","26,55","74,04166667","2,625","18,1777",0,2024,"18177,7"
27/04/2024,"33,3","22,6","27,95","72,54166667","2,416666667","16,8394",0,2024,"16839,4"
28/04/2024,"31,7","23,2","27,45","76,45833333","1,708333333","13,435",0,2024,13435
29/04/2024,"33,9","23,8","28,85","72,58333333","2,833333333","17,7558",0,2024,"17755,8"
30/04/2024,34,"23,8","28,9","63,04166667","3,416666667","17,867",0,2024,17867
01/05/2024,"34,4","24,3","29,35","66,29166667","2,958333333","17,0847",0,2024,"17084,7"
02/05/2024,"34,7","24,9","29,8","71,29166667","2,541666667","14,5773","4,4",2024,"14577,3"
03/05/2024,"25,7","20,4","23,05","89,29166667","2,916666667","6,682",77,2024,6682
04/05/2024,"31,8","21,8","26,8","83,25","1,625","13,3981",0,2024,"13398,1"
05/05/2024,"33,3","22,5","27,9","66,125","2,416666667","17,3213",0,2024,"17321,3"
06/05/2024,"32,4","20,1","26,25","57,04166667","2,875","17,6191",0,2024,"17619,1"
07/05/2024,33,"20,5","26,75","63,41666667","2,958333333","17,5005",0,2024,"17500,5"
08/05/2024,34,"21,4","27,7","64,33333333","2,333333333","15,8993",0,2024,"15899,3"
09/05/2024,"27,8","19,8","23,8","85,33333333","2,166666667","4,4342","1,4",2024,"4434,2"
10/05/2024,32,"19,7","25,85","83,20833333","0,7916666667","11,3241",0,2024,"11324,1"
11/05/2024,"32,8","21,9","27,35","68,54166667","2,208333333","16,5041",0,2024,"16504,1"
12/05/2024,"33,4","21,4","27,4","65,91666667","2,291666667","14,837",0,2024,14837
13/05/2024,"26,1","16,8","21,45","88,875","2,583333333","1,8966","4,2",2024,"1896,6"
14/05/2024,"17,4","15,2","16,3","89,83333333","2,791666667","4,0833","3,8",2024,"4083,3"
15/05/2024,"17,8","11,3","14,55","85,04166667","1,166666667","5,0547",0,2024,"5054,7"
16/05/2024,"26,8","16,8","21,8","81,625","2,083333333","10,2536",0,2024,"10253,6"
17/05/2024,"26,4","18,1","22,25",86,"1,541666667","8,8675",0,2024,"8867,5"
18/05/2024,"20,8","14,7","17,75","93,66666667","1,791666667","1,3417","28,4",2024,"1341,7"
19/05/2024,"14,8","13,1","13,95","93,58333333","1,791666667","1,9717","9,4",2024,"1971,7"
20/05/2024,"20,3","11,1","15,7","85,5","0,6666666667","7,4898",0,2024,"7489,8"
21/05/2024,"30,9","14,4","22,65","73,33333333","2,541666667","14,7346",0,2024,"14734,6"
22/05/2024,32,"19,1","25,55","64,79166667","3,25","14,5234",0,2024,"14523,4"
23/05/2024,"28,5","21,5",25,"68,91666667","3,666666667","5,6499","12,2",2024,"5649,9"
01/06/2024,"25,2","10,6","19,2","65,64705882","1,823529412","2,8287",0,2024,"2828,7"
02/06/2024,"29,8","16,3","21,875","61,54166667","2,958333333","4,0948",0,2024,"4094,8"
03/06/2024,"28,9","19,3","23,73333333","61,58333333","2,458333333","9,4731",0,2024,"9473,1"
04/06/2024,"29,5","14,6","21,25833333","78,08333333","1,166666667","1,8204",0,2024,"1820,4"
05/06/2024,"28,5","18,4","22,7875","67,79166667","2,541666667","7,2321",0,2024,"7232,1"
06/06/2024,"29,3","16,5","22,10833333","66,83333333","1,791666667","13,6228",0,2024,"13622,8"
07/06/2024,"30,1","16,5","22,65833333","65,45833333","1,916666667","15,6329",0,2024,"15632,9"
08/06/2024,"30,3","16,5","22,9375","63,875","2,583333333","15,576",0,2024,15576
09/06/2024,"31,9",18,"24,58333333","58,08333333","4,166666667","14,627",0,2024,14627
10/06/2024,"31,7","19,4","24,8875","61,08333333","3,416666667","14,5431",0,2024,"14543,1"
11/06/2024,"31,2","18,1","24,6875","59,54166667",3,"12,1003",0,2024,"12100,3"
12/06/2024,"31,2","18,3","24,25","56,5","3,041666667","13,2189",0,2024,"13218,9"
13/06/2024,"32,2","17,6","24,90416667","50,70833333","4,708333333","14,2544",0,2024,"14254,4"
14/06/2024,"32,2","19,7","26,2",46,"6,958333333","14,3266",0,2024,"14326,6"
15/06/2024,"30,1","23,3","26,06666667","52,41666667","4,875","14,2012","0,2",2024,"14201,2"
16/06/2024,"26,1","20,4","22,99583333","71,70833333","2,75","13,888","0,8",2024,13888
17/06/2024,"25,7","19,9","21,93333333","82,08333333","2,291666667","14,3486","0,6",2024,"14348,6"
18/06/2024,"29,3","20,2","23,75833333","68,04166667","3,125","14,3543","1,6",2024,"14354,3"
19/06/2024,29,22,"25,49166667","51,75","4,958333333","14,1687",0,2024,"14168,7"
20/06/2024,29,"19,5","24,17083333","58,08333333","2,875","14,4352",0,2024,"14435,2"
21/06/2024,"31,3","20,4","24,8375","49,04166667","4,958333333","14,2735",0,2024,"14273,5"
22/06/2024,"31,9","19,5","25,24583333","48,83333333","5,208333333","14,1008",0,2024,"14100,8"
23/06/2024,"32,3","22,5","26,4125","57,20833333","3,083333333","5,6848",0,2024,"5684,8"
24/06/2024,"27,1","18,6","23,275","77,375","2,791666667","2,0852","6,6",2024,"2085,2"
25/06/2024,"21,1","16,5","18,3","92,33333333","2,083333333","5,2133",2,2024,"5213,3"
26/06/2024,19,"14,3","16,98333333","91,5","2,25","7,5685",0,2024,"7568,5"
27/06/2024,20,"9,7","14,60833333","79,66666667","1,541666667","6,3836",0,2024,"6383,6"
28/06/2024,"22,9","14,3","18,32083333","80,66666667","2,5","6,6159",0,2024,"6615,9"
29/06/2024,"19,2","11,1","15,00416667","78,08333333","3,666666667","13,926","3,2",2024,13926
30/06/2024,"17,9","4,7","10,27083333","65,625","2,666666667","13,2441",0,2024,"13244,1"
01/07/2024,"22,8","4,7","13,10869565","61,65217391","1,782608696","10,2039",0,2024,"10203,9"
02/07/2024,27,"10,3","18,41666667",63,"2,458333333","8,4544",0,2024,"8454,4"
03/07/2024,"30,2","18,6","23,10833333","63,25","3,041666667","5,4621",0,2024,"5462,1"
04/07/2024,"29,4","21,3","24,4","52,66666667","3,458333333","2,2525",0,2024,"2252,5"
05/07/2024,"29,7","17,4","23,90416667","54,625","3,083333333","14,7646",0,2024,"14764,6"
06/07/2024,"19,7",14,"16,3","85,08333333","2,5","5,8521","0,2",2024,"5852,1"
07/07/2024,"16,1","13,6","15,05","94,95833333","2,041666667","10,6478","22,2",2024,"10647,8"
08/07/2024,"15,3","11,8","13,2","90,54166667","3,791666667","15,0888","1,4",2024,"15088,8"
09/07/2024,"13,1","9,8","10,53333333","90,66666667","2,875","1,5233","0,2",2024,"1523,3"
10/07/2024,13,8,"9,683333333","88,20833333","1,791666667","6,8111",0,2024,"6811,1"
11/07/2024,"11,1",9,"9,75","95,16666667","1,958333333","0,628","57,4",2024,628
12/07/2024,10,"7,8",9,"94,66666667","2,833333333","1,7394","14,2",2024,"1739,4"
13/07/2024,"10,3","8,2","9,0625","97,16666667",2,"0,8232","39,6",2024,"823,2"
14/07/2024,"12,8","8,7","10,05","93,375","1,5","3,0052","0,4",2024,"3005,2"
15/07/2024,18,"10,2","12,56666667","85,33333333","1,666666667","10,1436",0,2024,"10143,6"
16/07/2024,"22,7","9,1","14,82083333","86,79166667","0,9583333333","12,6203",0,2024,"12620,3"
17/07/2024,"24,6","15,6","18,75833333","84,83333333","1,125","12,993",0,2024,12993
18/07/2024,"29,1","14,4","20,8625","75,08333333","1,791666667","14,7838",0,2024,"14783,8"
19/07/2024,"30,2","13,6",22,"59,58333333","2,583333333","15,0676",0,2024,"15067,6"
20/07/2024,"28,7","12,8","20,92083333","60,16666667","1,75","15,1622",0,2024,"15162,2"
21/07/2024,"29,4","15,4","21,34583333","56,875","2,208333333","15,0382",0,2024,"15038,2"
22/07/2024,"29,7","11,9","20,30833333","66,70833333","1,208333333","14,918",0,2024,14918
23/07/2024,"29,5","13,1","21,3875","60,70833333","1,541666667","14,77",0,2024,14770
24/07/2024,"30,3","14,6","21,775","53,41666667","2,625","14,8744",0,2024,"14874,4"
25/07/2024,"30,8","14,5","22,6","53,20833333","2,875","14,6393",0,2024,"14639,3"
26/07/2024,"28,5","17,5","22,68333333","56,875","2,708333333","8,7061",0,2024,"8706,1"
27/07/2024,25,"19,2","22,34166667","55,70833333","2,708333333","5,426",0,2024,5426
28/07/2024,"22,5","16,4","19,74166667","69,91666667","2,5","3,3452","1,2",2024,"3345,2"
29/07/2024,"19,7","16,8","18,09166667","90,75","2,5","2,1916","9,6",2024,"2191,6"
30/07/2024,"20,7","14,2","16,86666667","90,54166667","2,291666667","6,0937",0,2024,"6093,7"
31/07/2024,"25,7","14,5","19,33333333","73,625","3,375","13,4317",0,2024,"13431,7"
01/08/2024,"30,1","18,9","23,62916667","62,20833333","4,916666667","15,3556",0,2024,"15355,6"
02/08/2024,"31,2",22,"25,9125","48,125","5,75","15,7139",0,2024,"15713,9"
03/08/2024,"31,3","23,5","26,45833333","43,33333333","7,458333333","10,3053",0,2024,"10305,3"
04/08/2024,"28,3","21,7","25,15833333","50,95833333","3,958333333","8,1449",0,2024,"8144,9"
05/08/2024,"28,6","20,3","24,275","53,95833333","3,375","8,0385",0,2024,"8038,5"
06/08/2024,"32,2","21,8","25,99583333","48,25","3,625","16,0801",0,2024,"16080,1"
07/08/2024,"26,1","17,3","21,93333333","62,08333333","2,875","2,9064","6,8",2024,"2906,4"
08/08/2024,"17,9","13,4","16,20416667","91,79166667","3,083333333","1,8326","0,8",2024,"1832,6"
09/08/2024,14,8,"10,74166667","73,70833333","4,625","11,1234",0,2024,"11123,4"
10/08/2024,"16,5",4,"10,275","67,375","2,5","18,784",0,2024,18784
11/08/2024,"20,2","3,7","11,06666667","69,95833333","2,083333333","17,1586",0,2024,"17158,6"
12/08/2024,"17,2","6,6","12,49166667","62,875","3,041666667","18,5307",0,2024,"18530,7"
13/08/2024,"21,2","3,5","12,1375",56,"1,375","19,07",0,2024,19070
14/08/2024,27,"8,2","16,77083333","53,66666667","2,416666667","18,1974",0,2024,"18197,4"
15/08/2024,"30,4","14,9","21,78333333","45,625","3,083333333","15,2203",0,2024,"15220,3"
16/08/2024,33,"20,5","25,925","40,58333333","3,666666667","14,6434",0,2024,"14643,4"
17/08/2024,"34,4","20,3","27,32083333","41,29166667","3,416666667","15,3327",0,2024,"15332,7"
18/08/2024,"36,1","21,4","27,60833333","39,79166667","3,166666667","17,3753",0,2024,"17375,3"
19/08/2024,"35,5",20,"27,57916667","36,45833333","3,125","16,7184",0,2024,"16718,4"
20/08/2024,37,"20,5","27,85","40,625","2,625","17,0152",0,2024,"17015,2"
21/08/2024,"35,6","21,2","28,42083333","35,375","4,458333333","17,405",0,2024,17405
22/08/2024,"33,7","19,5","25,04166667","45,66666667","4,833333333","12,3648",0,2024,"12364,8"
23/08/2024,20,"13,1","17,01666667","78,375","4,166666667","8,9015",21,2024,"8901,5"
24/08/2024,"18,5","12,2","14,24583333","80,75","4,416666667","15,5563",0,2024,"15556,3"
25/08/2024,"16,2","6,2","11,225","64,91666667","3,416666667","17,9259",0,2024,"17925,9"
26/08/2024,"20,5","1,1","11,34166667","58,25","1,875","21,7588",0,2024,"21758,8"
27/08/2024,"24,6",5,"14,475","54,66666667","1,583333333","19,1049","0,4",2024,"19104,9"
28/08/2024,"28,7","15,2","20,37083333","44,83333333","1,25","16,5608",0,2024,"16560,8"
29/08/2024,"33,5","17,9","24,14583333","46,375","3,583333333","19,1135",0,2024,"19113,5"
30/08/2024,"35,3","21,2","26,81666667","41,75","3,666666667","18,7668",0,2024,"18766,8"
31/08/2024,"35,7","21,2","27,7875","40,625","3,541666667","16,0746",0,2024,"16074,6"
01/09/2024,"21,7","15,3","18,29166667","74,29166667","4,041666667","13,4311",0,2024,"13431,1"
02/09/2024,"25,5","11,5","17,42083333","67,58333333","1,333333333","15,1542",0,2024,"15154,2"
03/09/2024,"36,2","17,7","24,92083333","47,41666667","2,333333333","19,7384",0,2024,"19738,4"
04/09/2024,"34,3",19,"26,15","42,45833333","3,25","9,9402",0,2024,"9940,2"
05/09/2024,24,"13,9","17,97916667","77,54166667","4,791666667","15,7762","0,4",2024,"15776,2"
06/09/2024,"29,6","9,4","18,6375","68,58333333","1,583333333","19,3473",0,2024,"19347,3"
07/09/2024,"34,8","21,4","26,38333333","55,54166667","3,291666667","17,9066",0,2024,"17906,6"
08/09/2024,"38,3","21,4","30,00833333","40,875","3,166666667","17,1338",0,2024,"17133,8"
09/09/2024,"38,5","22,2","30,85","31,45833333","3,041666667","15,935",0,2024,15935
10/09/2024,37,"21,7","29,30833333","34,79166667","2,708333333","15,859",0,2024,15859
11/09/2024,"36,5","21,8","29,3","30,125","3,791666667","13,4047",0,2024,"13404,7"
12/09/2024,"33,5","20,4","27,3875","38,66666667","3,583333333","6,295","0,2",2024,6295
13/09/2024,"29,3","17,8","21,91666667","80,58333333","1,625","7,7848","1,6",2024,"7784,8"
14/09/2024,"22,4","17,4","19,61666667","87,41666667","3,25","8,0362","34,8",2024,"8036,2"
15/09/2024,"20,3","16,5","18,20416667","91,70833333","1,791666667","2,534",28,2024,2534
16/09/2024,26,"13,1","18,73333333","76,91666667","2,166666667","23,5637","0,2",2024,"23563,7"
17/09/2024,"29,4",15,"21,20833333","61,54166667","3,333333333","23,9162",0,2024,"23916,2"
18/09/2024,29,"15,7","22,25","58,875","3,041666667","17,5044","4,2",2024,"17504,4"
19/09/2024,36,"21,5","27,02916667","55,54166667","4,625","18,1894",0,2024,"18189,4"
20/09/2024,"31,4","18,4","24,8625","62,79166667","5,416666667","3,9351",10,2024,"3935,1"
21/09/2024,"30,2","15,7","22,19166667","74,125","3,25","20,5409",4,2024,"20540,9"
22/09/2024,33,"21,2","26,27916667","67,45833333","4,041666667","15,0602",0,2024,"15060,2"
23/09/2024,"37,5","25,4","30,27916667","53,875","3,666666667","18,0807",0,2024,"18080,7"
24/09/2024,"38,2","24,7","31,07083333","48,66666667","3,833333333","19,0995",0,2024,"19099,5"
25/09/2024,"39,4","22,9","31,40416667","40,04166667","3,458333333","18,9339",0,2024,"18933,9"
26/09/2024,"31,5","20,9","24,87916667","63,91666667","3,666666667","6,7694","5,4",2024,"6769,4"
27/09/2024,"24,9","16,5","19,7625","76,54166667","4,916666667","16,5345",0,2024,"16534,5"
28/09/2024,"31,9",12,"21,67083333","65,54166667","1,416666667","25,1934",0,2024,"25193,4"
29/09/2024,"34,3","18,6","25,7875",49,"2,625","24,1173",0,2024,"24117,3"
30/09/2024,"39,2","21,1","29,44583333","41,625","4,75","23,0221",0,2024,"23022,1"
01/10/2024,"39,6","23,4","31,59583333","43,70833333","3,333333333","18,7072",0,2024,"18707,2"
02/10/2024,"34,6","24,8","29,7","52,66666667","3,875","15,015",0,2024,15015
03/10/2024,"29,1","18,2","22,9125","72,83333333","4,458333333","17,695",0,2024,17695
04/10/2024,"32,3","17,1","24,20833333","63,95833333","2,375","24,5729",0,2024,"24572,9"
05/10/2024,"34,1","17,8","25,425","54,375","2,875","25,2247",0,2024,"25224,7"
06/10/2024,"31,4",19,"25,73333333","50,41666667","2,583333333","15,1453",0,2024,"15145,3"
07/10/2024,38,"20,9","28,56666667","44,125","2,833333333","21,6063",0,2024,"21606,3"
08/10/2024,"32,9",22,"28,10833333","44,58333333","3,333333333","11,9169",0,2024,"11916,9"
09/10/2024,"27,3","20,5","22,92083333","79,20833333","3,375","2,8521","45,8",2024,"2852,1"
10/10/2024,"24,3",20,"21,91666667","84,16666667","4,583333333","5,9406",0,2024,"5940,6"
11/10/2024,22,"18,3","20,79583333","92,66666667","3,166666667","4,9613","100,2",2024,"4961,3"
12/10/2024,"27,4","18,1","21,37916667","84,04166667",1,"16,2958","1,6",2024,"16295,8"
13/10/2024,"32,5","17,1","24,3875","68,375","2,041666667","25,3013",0,2024,"25301,3"
14/10/2024,"31,5",22,"26,01666667","61,45833333","3,208333333","16,7362",0,2024,"16736,2"
15/10/2024,"33,8","19,7","24,4875","67,54166667","3,375","19,4367","16,6",2024,"19436,7"
16/10/2024,"31,2",18,"23,36666667","75,95833333","1,666666667","22,4015","0,2",2024,"22401,5"
17/10/2024,"34,8","20,1","26,875","64,95833333","1,541666667","20,7917",0,2024,"20791,7"
18/10/2024,"28,9","19,6","22,275","80,95833333","2,375","4,7641","8,6",2024,"4764,1"
19/10/2024,"28,7","19,3","22,47083333","83,25","1,75","16,2707",0,2024,"16270,7"
20/10/2024,"29,3","17,9","23,3625","70,79166667","2,916666667","21,1231",0,2024,"21123,1"
21/10/2024,"32,5","20,7","26,30833333","65,04166667","4,083333333","24,1152",0,2024,"24115,2"
22/10/2024,"35,2","22,3","28,4625","64,20833333","2,25","25,3519",0,2024,"25351,9"
23/10/2024,"36,4","24,9","29,3625","63,54166667","2,291666667","18,3867",0,2024,"18386,7"
24/10/2024,37,"24,1","27,87916667","69,45833333","5,166666667","19,1121","2,6",2024,"19112,1"
25/10/2024,"30,3","18,5","24,0125","66,5",2,"28,3625",0,2024,"28362,5"
26/10/2024,29,"19,2","24,01666667","60,33333333","3,041666667","25,1769",0,2024,"25176,9"
27/10/2024,"32,3","15,8","23,5875","54,70833333","1,916666667","27,2974",0,2024,"27297,4"
28/10/2024,34,"19,2","26,44583333","59,16666667","2,208333333","25,6708",0,2024,"25670,8"
29/10/2024,"34,3","22,6","27,16666667","66,79166667",2,"20,6577",0,2024,"20657,7"
30/10/2024,"35,4",20,"27,31666667","63,95833333","1,875","27,5135",0,2024,"27513,5"
31/10/2024,"35,5","22,8","28,50833333","51,79166667","3,833333333","24,9705",0,2024,"24970,5"
01/11/2024,"34,2","23,4","28,30416667","52,20833333","4,166666667","23,2511",0,2024,"23251,1"
02/11/2024,"27,4","22,4","24,04166667","81,79166667","3,458333333","6,6591","20,4",2024,"6659,1"
03/11/2024,"30,4","21,7","24,99166667","80,91666667","2,166666667","17,595",0,2024,17595
04/11/2024,"32,3","21,9","25,725","76,29166667","2,791666667","22,9685","1,4",2024,"22968,5"
05/11/2024,"32,9","22,4","26,775","76,54166667","2,166666667","23,2904","2,8",2024,"23290,4"
06/11/2024,"32,8","23,2","27,0875","75,20833333","1,75","19,134",0,2024,19134
07/11/2024,28,"21,5","24,22083333","84,375","2,5","12,0503","3,4",2024,"12050,3"
08/11/2024,"29,9","20,2","24,23333333","78,45833333","3,541666667","25,7297",0,2024,"25729,7"
09/11/2024,"30,5","18,5","23,97916667","71,25","2,416666667","28,3055",0,2024,"28305,5"
10/11/2024,"33,6","17,3","25,54583333","64,08333333","2,208333333","28,8866",0,2024,"28886,6"
11/11/2024,"35,4","21,6","28,54583333","60,58333333","2,5","28,3957",0,2024,"28395,7"
12/11/2024,"29,6","16,3","21,39583333","71,875","4,458333333","11,759","4,2",2024,11759
13/11/2024,"26,9","13,4","19,99166667","58,25","2,708333333","30,5345",0,2024,"30534,5"
14/11/2024,"30,6","13,7","22,28333333","58,25","1,25","29,7559",0,2024,"29755,9"
15/11/2024,"33,1","19,4",26,"60,66666667","2,875","29,0227",0,2024,"29022,7"
16/11/2024,"34,6","23,7","28,29166667","60,79166667","4,083333333","28,114",0,2024,28114
17/11/2024,"35,6","23,8","28,67916667","61,5","3,125","28,169",0,2024,28169
18/11/2024,"35,9","24,3","28,99166667","60,16666667","2,125","22,3229",0,2024,"22322,9"
19/11/2024,37,"22,1","27,90833333","68,625","2,208333333","20,791",0,2024,20791
20/11/2024,"35,2","22,9","27,86666667","67,91666667","1,625","24,346",0,2024,24346
21/11/2024,"32,2","23,2","26,37083333","79,66666667","1,541666667","13,7618",0,2024,"13761,8"
22/11/2024,"30,9","21,5","25,6","77,29166667","1,708333333","21,3515",0,2024,"21351,5"
23/11/2024,"34,7","21,5","27,27916667","71,375","1,625","26,5238",0,2024,"26523,8"
24/11/2024,"33,7","21,8","27,40416667","61,625","3,208333333","29,3557",0,2024,"29355,7"
25/11/2024,"35,1",21,"27,3125","56,83333333","3,375","25,4575",0,2024,"25457,5"
26/11/2024,"36,5","20,5","28,675","52,58333333","2,625","25,5264",0,2024,"25526,4"
27/11/2024,"36,9","24,4","28,575","65,20833333","2,25","17,477","1,4",2024,17477
28/11/2024,"32,2",21,"26,35","77,66666667","2,666666667","10,9749","23,2",2024,"10974,9"
29/11/2024,"30,3","20,9","24,4173913","87,17391304","2,347826087","15,8734","14,6",2024,"15873,4"
30/11/2024,"30,1","23,7","26,63333333","84,33333333","1,458333333","15,7156",0,2024,"15715,6"
01/12/2024,"33,6","24,5","28,32083333","78,16666667","3,208333333","23,2551",0,2024,"23255,1"
02/12/2024,"29,9","24,8","27,1625","74,875","3,125","17,6034",0,2024,"17603,4"
03/12/2024,29,"21,7","24,90416667","81,04166667","2,291666667","11,0254",0,2024,"11025,4"
04/12/2024,"26,8","21,2","24,18333333","75,83333333","2,458333333","8,8556",0,2024,"8855,6"
05/12/2024,"30,1","21,3","25,65833333","75,375","2,791666667","23,6251",0,2024,"23625,1"
06/12/2024,"33,8",24,"26,7","78,83333333","3,416666667","19,2784","23,2",2024,"19278,4"
07/12/2024,"27,6","20,1","23,59583333","89,45833333","3,083333333","4,987","30,4",2024,4987
08/12/2024,"24,7","19,5","21,14583333","91,75","2,208333333","6,6805","60,8",2024,"6680,5"
09/12/2024,"29,6","21,9","24,38333333","89,95833333","1,708333333","15,3579","3,4",2024,"15357,9"
10/12/2024,"28,5",21,"23,62916667","83,83333333","2,625","21,9128","1,8",2024,"21912,8"
11/12/2024,"30,9","18,7","24,75833333","77,875","1,625","28,9552",0,2024,"28955,2"
12/12/2024,"30,3","20,4","24,93333333","75,20833333","3,083333333","26,0023",0,2024,"26002,3"
13/12/2024,"26,7","20,7","23,7625","78,83333333","2,5","6,6432",17,2024,"6643,2"
14/12/2024,"29,1",21,"24,10833333","82,45833333","2,5","25,2293","0,6",2024,"25229,3"
15/12/2024,30,"19,5","24,05833333","73,375","3,125","29,3447",0,2024,"29344,7"
16/12/2024,"28,9","17,6","23,10833333","70,08333333","2,083333333","30,037",0,2024,30037
17/12/2024,"30,4","15,5","23,44583333","65,08333333","1,333333333","31,3169","0,4",2024,"31316,9"
18/12/2024,"32,3","14,5","23,975","64,875","2,125","30,8039",0,2024,"30803,9"
19/12/2024,"27,4","20,2","23,42916667","78,54166667","2,833333333","5,0149","41,4",2024,"5014,9"
20/12/2024,"27,8","21,3","23,40833333","89,75",2,"11,8613","13,6",2024,"11861,3"
21/12/2024,31,"20,4","25,20416667","83,625","1,375","22,7753",0,2024,"22775,3"
22/12/2024,"31,7","22,2","26,27916667","81,04166667","1,916666667","20,425",0,2024,20425
23/12/2024,"31,6","19,4","25,4375","71,08333333","1,666666667","27,5235",0,2024,"27523,5"
24/12/2024,"31,9","20,1","25,5875","72,16666667","2,541666667","27,9291",0,2024,"27929,1"
25/12/2024,"28,6","21,4","23,92916667","78,875","2,833333333","16,3484","2,2",2024,"16348,4"
26/12/2024,29,"15,6","22,27083333","64,20833333","2,875","31,9233",0,2024,"31923,3"
27/12/2024,"30,5","15,3","23,29166667","63,125","1,875","31,3609",0,2024,"31360,9"
28/12/2024,"32,2","16,9","24,49166667","61,95833333","2,125","31,1971",0,2024,"31197,1"
29/12/2024,"33,2","16,1","25,04166667","63,25","1,541666667","29,4233",0,2024,"29423,3"
30/12/2024,"32,9",17,"25,575","65,25","1,708333333","28,4826",0,2024,"28482,6"
31/12/2024,"35,1","21,1","27,375","64,625","2,75","29,8369",0,2024,"29836,9"
01/01/2025,"35,1","23,7","28,52916667",66,"2,541666667","29,2748",0,2025,"29274,8"
02/01/2025,"30,2","21,4","25,78333333","77,75","2,291666667","20,6536",37,2025,"20653,6"
03/01/2025,"33,2","21,5","26,68333333","76,54166667","1,708333333","28,6977",0,2025,"28697,7"
04/01/2025,32,21,"26,49583333","58,41666667","2,791666667","29,3622",0,2025,"29362,2"
05/01/2025,"32,3",15,"24,3875","59,25","1,916666667","30,8182",0,2025,"30818,2"
06/01/2025,"33,7","14,5","24,6125","59,5","1,791666667","30,1221",0,2025,"30122,1"
07/01/2025,"34,2","16,4","25,63333333","57,04166667","1,875","30,0005",0,2025,"30000,5"
08/01/2025,35,"16,6","26,44166667","57,58333333",2,"28,6266",0,2025,"28626,6"
09/01/2025,"35,1","20,6","27,65416667","57,16666667","2,416666667","29,7543",0,2025,"29754,3"
10/01/2025,"35,1","21,6","27,825","60,625","2,791666667","25,1074",0,2025,"25107,4"
11/01/2025,"35,2","21,9","28,25833333","61,20833333","2,416666667","24,6437",0,2025,"24643,7"
12/01/2025,"34,8","20,4","27,375","62,54166667","2,166666667","25,997",0,2025,25997
13/01/2025,35,"22,1","28,26666667","59,95833333","2,875","27,801",0,2025,27801
14/01/2025,"36,1","22,3","28,59583333","57,70833333","3,541666667","26,9383",0,2025,"26938,3"
15/01/2025,"34,4","20,6","26,28333333","66,5","3,25","26,2764","2,4",2025,"26276,4"
16/01/2025,"36,8","22,3","29,22083333","58,375","2,333333333","28,9495",0,2025,"28949,5"
17/01/2025,"37,4","25,6","30,55","56,95833333","2,666666667","28,6635",0,2025,"28663,5"
18/01/2025,"37,1","24,2","28,82083333","67,5","2,416666667","24,6055","2,6",2025,"24605,5"
19/01/2025,"35,5","23,4","29,11666667","66,29166667","2,458333333","25,6287",0,2025,"25628,7"
20/01/2025,"30,3","24,6","26,65833333","75,41666667","1,583333333","6,9004",0,2025,"6900,4"
21/01/2025,"34,7","20,7","26,8625","70,25","0,75","21,6379",0,2025,"21637,9"
22/01/2025,"37,3","24,2","29,83333333","61,125","1,791666667","26,4485",0,2025,"26448,5"
23/01/2025,"37,2","23,5","28,3875","64,375","2,958333333","23,069",1,2025,23069
24/01/2025,36,"21,9","27,37916667","72,875","2,375","27,1586","8,6",2025,"27158,6"
25/01/2025,"35,2","22,5","26,57916667","73,79166667","1,916666667","10,9543",43,2025,"10954,3"
26/01/2025,"32,9","20,7","25,40416667","79,33333333","1,5","27,6283","0,2",2025,"27628,3"
27/01/2025,"32,3","22,7","26,31666667","76,29166667","2,916666667","13,5884","3,4",2025,"13588,4"
28/01/2025,"32,5","21,7","25,875","78,625","2,25","21,6591",0,2025,"21659,1"
29/01/2025,"32,1","22,1","26,29166667","76,70833333","2,041666667","19,0362","10,4",2025,"19036,2"
30/01/2025,"32,8",23,"26,71666667","74,29166667","1,166666667","21,1754",0,2025,"21175,4"
31/01/2025,"33,2","20,6","26,64166667","67,125","2,166666667","24,8962",0,2025,"24896,2"
01/02/2025,"36,3","21,1","27,9375","63,91666667","2,083333333","29,3592",0,2025,"29359,2"
02/02/2025,"35,8","22,4","27,61666667","62,66666667","2,916666667","26,377",0,2025,26377
03/02/2025,"36,4",22,"28,34583333","61,79166667","2,833333333","28,327",0,2025,28327
04/02/2025,"36,7",23,"28,62083333","64,25","2,833333333","24,17",0,2025,24170
05/02/2025,"35,7","24,4","28,50833333","67,70833333","3,75","21,4673",0,2025,"21467,3"
06/02/2025,"34,9","23,8","27,69166667","74,20833333","4,125","25,9955","0,4",2025,"25995,5"
07/02/2025,"33,3","22,3","26,075","75,33333333","2,75","13,3916","26,2",2025,"13391,6"
08/02/2025,"33,8","21,9","24,85","80,54166667","1,958333333","19,4902","1,2",2025,"19490,2"
09/02/2025,"34,6","22,3","26,3625","76,04166667","1,458333333","19,0456","2,6",2025,"19045,6"
10/02/2025,"37,4",22,"28,25","68,95833333","1,75","24,3561",0,2025,"24356,1"
11/02/2025,"37,2",24,"29,63333333","57,625","2,833333333","28,0236","0,2",2025,"28023,6"
12/02/2025,"35,7","23,8","27,92916667","64,75","2,958333333","21,8163","11,8",2025,"21816,3"
13/02/2025,"33,3","22,9","27,17916667","71,83333333","2,375","24,4587",0,2025,"24458,7"
14/02/2025,"34,6","22,2","27,225","72,91666667","1,708333333","19,9011",0,2025,"19901,1"
15/02/2025,"35,4","24,4","27,95416667","71,75","2,583333333","18,992","0,4",2025,18992
16/02/2025,"38,5","24,9","29,54583333","68,29166667","2,75","22,2364",0,2025,"22236,4"
17/02/2025,"38,3","24,1","29,80416667","68,54166667","2,958333333","22,5845","14,6",2025,"22584,5"
18/02/2025,"28,8",22,"24,18333333","84,08333333","2,25","13,1263",2,2025,"13126,3"
19/02/2025,"27,9","21,7","24,175","83,91666667","1,541666667","9,9105",0,2025,"9910,5"
20/02/2025,"33,8","22,3","26,74583333","74,54166667","1,291666667","19,9901",0,2025,"19990,1"
21/02/2025,"35,9","23,5","28,14166667","68,33333333","1,208333333","19,6242","1,4",2025,"19624,2"
22/02/2025,"36,5","21,7","28,0375","69,75","1,625","27,7546",0,2025,"27754,6"
23/02/2025,"35,4","22,4","26,80833333",71,"2,375","17,0844",0,2025,"17084,4"
24/02/2025,"36,1","22,5","28,47916667","66,91666667","2,75","26,6264",0,2025,"26626,4"
25/02/2025,"36,3","23,4","28,77916667","64,79166667","2,458333333","22,1952",0,2025,"22195,2"
26/02/2025,"33,3","23,7","27,87916667","67,66666667","2,25","22,2385","5,4",2025,"22238,5"
27/02/2025,"35,8","23,4","28,325","66,41666667","2,166666667","23,6525",0,2025,"23652,5"
28/02/2025,"36,1","23,2","28,88333333","66,16666667","2,208333333","23,6132",0,2025,"23613,2"
01/03/2025,"36,9","23,9","29,475","62,04166667","2,375","25,3952",7,2025,"25395,2"
02/03/2025,"38,4","23,8","30,47083333","59,04166667","1,958333333","25,8602",0,2025,"25860,2"
03/03/2025,38,"24,6","31,25416667","54,95833333","1,791666667","25,0554",0,2025,"25055,4"
04/03/2025,"37,3","24,4","30,68333333","56,54166667","2,416666667","25,5439",0,2025,"25543,9"
05/03/2025,"36,1","23,6","28,4875","59,04166667","3,458333333","22,1969",0,2025,"22196,9"
06/03/2025,"36,1","22,7","27,66956522","62,7826087","2,434782609","12,45",0,2025,12450
07/03/2025,"36,7","23,9","29,54166667","59,875","2,541666667","25,2643",0,2025,"25264,3"
08/03/2025,"37,2","23,6","29,77916667","52,79166667",2,"25,7277",0,2025,"25727,7"
09/03/2025,"37,3",22,"28,01666667","59,75","2,708333333","19,9465","1,8",2025,"19946,5"
10/03/2025,"32,7","21,2","25,85416667","70,75","1,875","23,4346",0,2025,"23434,6"
11/03/2025,"28,2","20,9","24,28695652","78,69565217","1,434782609","4,1188","35,4",2025,"4118,8"
12/03/2025,"28,4","19,4","23,16818182","81,95454545","1,363636364","12,5703",0,2025,"12570,3"
13/03/2025,"30,7","21,7","25,3875","78,70833333","1,833333333","21,998","0,6",2025,21998
14/03/2025,30,"19,2","24,225","68,66666667","2,708333333","20,5369",0,2025,"20536,9"
15/03/2025,"25,9","20,1","22,575","67,54166667","2,291666667","9,2009","2,6",2025,"9200,9"
16/03/2025,"31,6","16,1","23,22083333","73,33333333","1,333333333","24,3259",0,2025,"24325,9"
17/03/2025,"33,4","19,9","26,60434783","66,08695652","1,652173913","23,389",0,2025,23389
18/03/2025,"31,1",21,"25,8875","68,95833333","1,666666667","20,9694",0,2025,"20969,4"
19/03/2025,"32,5","18,9","25,51666667","66,58333333","1,75","24,3031",0,2025,"24303,1"
20/03/2025,"32,9","18,4","25,52916667","63,04166667","2,041666667","23,7308",0,2025,"23730,8"
21/03/2025,"33,6",20,"26,41666667","57,5","2,125","24,0522",0,2025,"24052,2"
22/03/2025,"29,7","19,1","23,97916667","60,91666667","2,666666667","13,1493",0,2025,"13149,3"
23/03/2025,34,"20,6","25,7625","66,125","1,875","20,4758","0,2",2025,"20475,8"
24/03/2025,"33,7","21,7","26,7125","68,375","1,75","22,6797",0,2025,"22679,7"
25/03/2025,"34,9",22,"25,82083333","74,58333333","2,208333333","10,5237","40,2",2025,"10523,7"
26/03/2025,"31,2","20,1","24,6125","82,33333333","1,416666667","20,4341","0,4",2025,"20434,1"
27/03/2025,32,22,"26,325","76,33333333","2,458333333","20,3174",0,2025,"20317,4"
28/03/2025,"30,2","20,8","25,5875","79,125","2,083333333","13,4819",4,2025,"13481,9"
29/03/2025,"27,2","21,1","23,97083333","87,16666667","1,375","5,9687","13,2",2025,"5968,7"
30/03/2025,"32,3","19,5","25,45833333","79,33333333","1,458333333","21,3324",0,2025,"21332,4"
31/03/2025,"31,7","22,9","26,08333333","78,875","2,375","13,345","20,6",2025,13345
01/04/2025,"29,5","22,1","24,77916667","87,125","0,75","12,9011","4,4",2025,"12901,1"
02/04/2025,30,"22,6","25,62083333","84,58333333","1,333333333","17,3327","1,2",2025,"17332,7"
03/04/2025,"29,3","23,1","25,52916667","82,54166667","1,125","14,2168",0,2025,"14216,8"
04/04/2025,"25,8","20,5","23,42083333","77,95833333","3,541666667","11,3413","0,6",2025,"11341,3"
05/04/2025,"23,7","13,9","18,26666667","73,20833333","2,25","7,4549",0,2025,"7454,9"
06/04/2025,"27,6","18,5","22,15","68,125","2,291666667","15,8075",0,2025,"15807,5"
07/04/2025,"29,4","16,9","23,14166667","66,33333333","3,125","20,7457",0,2025,"20745,7"
08/04/2025,"25,3","19,4","22,45833333","78,79166667","2,666666667","5,4539","18,6",2025,"5453,9"
09/04/2025,"24,1","17,8","20,3625","80,125","1,708333333","18,06","0,2",2025,18060
10/04/2025,"24,9","13,6","19,13333333","75,66666667","1,625","20,0669",0,2025,"20066,9"
11/04/2025,"28,8","13,7","20,41666667","73,95833333","1,416666667","20,0785",0,2025,"20078,5"
12/04/2025,"23,4",20,"21,32916667","83,29166667","1,541666667","0,9992","10,4",2025,"999,2"
13/04/2025,"23,9","19,7","21,02916667","89,375","1,458333333","8,3249","4,4",2025,"8324,9"
14/04/2025,"27,1",16,"21,45833333","81,58333333","1,125","20,1067",0,2025,"20106,7"
15/04/2025,"26,6","18,5","21,97083333","82,70833333","1,625","13,2691",0,2025,"13269,1"
16/04/2025,"26,6","18,4","22,22916667","84,45833333","1,125","12,3283","0,2",2025,"12328,3"
17/04/2025,"30,5","18,4","23,38333333","80,95833333","1,416666667","18,1415",0,2025,"18141,5"
18/04/2025,"29,3","21,5","24,2","82,125","1,958333333","13,7795",0,2025,"13779,5"
19/04/2025,"28,4","20,9","23,67083333","84,58333333","0,9583333333","11,5813",0,2025,"11581,3"
20/04/2025,"28,6","18,7","23,34583333","79,83333333","1,5","17,3977","0,2",2025,"17397,7"
21/04/2025,"28,1","18,1","22,92083333","76,875","1,125","14,7894",0,2025,"14789,4"
22/04/2025,"28,4","16,7","21,60416667","78,91666667","1,041666667","13,4258",0,2025,"13425,8"
23/04/2025,"27,9",20,"22,625","80,875","1,416666667","8,2095",0,2025,"8209,5"
24/04/2025,"22,6","18,1","19,89583333","90,54166667","1,625","4,1769","12,8",2025,"4176,9"
25/04/2025,"23,7","16,8","19,77083333","86,625","1,541666667","7,3666","0,2",2025,"7366,6"
26/04/2025,28,"19,4","22,80833333","84,83333333","1,458333333","11,9564","0,2",2025,"11956,4"
27/04/2025,26,"20,8","22,48333333","87,54166667","1,416666667","6,117","0,8",2025,6117
28/04/2025,"24,3",18,"21,17083333","80,5","2,75","15,9349","2,2",2025,"15934,9"
29/04/2025,"24,3","11,1","17,41666667","65,58333333","1,958333333","19,2778",0,2025,"19277,8"
30/04/2025,"25,8",9,"16,975","71,5","1,25","18,811",0,2025,18811
01/05/2025,"27,1",13,"19,55","70,16666667","2,208333333","18,3759",0,2025,"18375,9"
02/05/2025,"28,3","13,6","20,32916667","69,79166667","1,75","17,7004",0,2025,"17700,4"
03/05/2025,"28,4","16,9","21,8","74,04166667","1,208333333","11,82",0,2025,11820
04/05/2025,"30,1","18,1","22,92083333","73,79166667","2,25","16,1424","0,2",2025,"16142,4"
05/05/2025,"29,3","18,5","23,51666667","72,79166667","2,041666667","15,8631",0,2025,"15863,1"
06/05/2025,"27,9","18,7","22,95","71,83333333","2,375","10,6781",0,2025,"10678,1"
07/05/2025,"26,5","19,8","23,34166667","67,79166667","2,958333333","7,2389",0,2025,"7238,9"
08/05/2025,"31,4","20,7","25,10833333","67,54166667","3,291666667","16,6303",0,2025,"16630,3"
09/05/2025,"31,2","18,5","24,62916667","75,08333333","3,708333333","10,2601",20,2025,"10260,1"
10/05/2025,"24,1","15,8","19,75833333","81,45833333",3,"17,3667","0,2",2025,"17366,7"
11/05/2025,"26,1","11,2","18,47083333","69,58333333","1,416666667","17,4758",0,2025,"17475,8"
12/05/2025,"26,7","13,4","19,17083333","69,91666667","1,791666667","16,9305",0,2025,"16930,5"
13/05/2025,"28,8","16,5","21,575","74,75","2,125","15,7775","2,4",2025,"15777,5"
14/05/2025,"28,6","17,8","23,17916667","70,45833333","2,833333333","16,1879",0,2025,"16187,9"
15/05/2025,"28,1","18,2","22,175","62,83333333","2,208333333","16,5987",0,2025,"16598,7"
16/05/2025,"28,9","14,9","21,2125","67,25","2,208333333","15,0931",0,2025,"15093,1"
17/05/2025,"28,4","17,4","22,825","69,70833333","3,083333333","13,3167",0,2025,"13316,7"
18/05/2025,"30,2","17,6","23,95416667","70,33333333","3,25","12,9299","2,4",2025,"12929,9"
19/05/2025,"29,2","15,1","21,22083333","79,08333333","1,5","15,6084",0,2025,"15608,4"
20/05/2025,"22,7","19,6","21,03846154",85,"1,769230769","0,4647",0,2025,"464,7"
21/05/2025,22,"19,15","20,2478022","89,03571429","1,598901099","1,0432",0,2025,"1043,2"
22/05/2025,"21,3","18,7","19,45714286","93,07142857","1,428571429","1,6217","20,6",2025,"1621,7"
23/05/2025,"26,9",15,"20,20416667","83,83333333","0,9583333333","13,9366","0,2",2025,"13936,6"
24/05/2025,"28,2","18,1","22,3375","74,66666667","2,208333333","14,8037",0,2025,"14803,7"
25/05/2025,"28,4","17,6","22,4","73,20833333","2,125","14,0797",0,2025,"14079,7"
26/05/2025,"28,4","18,7","22,31666667","71,08333333","2,291666667","10,2647",0,2025,"10264,7"
27/05/2025,"29,3","20,7","24,525",62,"5,125","7,6571",0,2025,"7657,1"
28/05/2025,"25,7","10,6","15,95","79,875","6,291666667","7,271",14,2025,7271
29/05/2025,"13,6","6,2","9,525","78,58333333","2,916666667","12,6864",0,2025,"12686,4"
30/05/2025,"16,5",5,"10,24166667","77,58333333","1,416666667","16,4634",0,2025,"16463,4"
31/05/2025,"19,8","5,6","11,49166667","80,16666667","1,25","11,7952",0,2025,"11795,2"
01/06/2025,22,"7,8","14,27083333","79,625","1,5","14,1172",0,2025,"14117,2"
02/06/2025,21,"14,1","16,43333333","85,75","1,5","4,0878","4,8",2025,"4087,8"
03/06/2025,"25,1","15,1","19,8625","79,25","2,375","10,8433","0,2",2025,"10843,3"
04/06/2025,27,"18,4","21,95416667","80,58333333","2,75","9,2831",0,2025,"9283,1"
05/06/2025,"25,2","18,9","22,1","84,625","2,416666667","7,7867","43,8",2025,"7786,7"
06/06/2025,"22,6",18,"20,0625","91,04166667",1,"3,48","3,8",2025,3480
07/06/2025,"24,1","17,3","20,26666667","91,54166667",1,"5,7931","25,4",2025,"5793,1"
08/06/2025,"21,2","15,9","18,825","92,625","1,833333333","5,8847","2,6",2025,"5884,7"
09/06/2025,"16,2",12,"13,72083333","88,04166667","2,041666667","4,5999",0,2025,"4599,9"
10/06/2025,"18,8","6,2","12,84583333","84,625","1,541666667","15,0302",0,2025,"15030,2"
11/06/2025,"20,9","8,3","13,67916667","85,95833333","1,333333333","12,4275",0,2025,"12427,5"
12/06/2025,"22,1","10,3","15,225","64,45833333","3,375","15,0143",0,2025,"15014,3"
13/06/2025,"24,6","13,3","17,59166667","61,875","4,666666667","12,3658",0,2025,"12365,8"
14/06/2025,"20,1","15,6","17,95","72,875","4,166666667","0,8225","34,8",2025,"822,5"
15/06/2025,21,"14,1","17,37083333","86,125","1,583333333","11,6229","41,2",2025,"11622,9"
16/06/2025,"28,5","12,5","20,0125","79,58333333","3,5","11,3966",0,2025,"11396,6"
17/06/2025,"28,8","21,1","24,49166667","66,16666667","4,875","10,4892",0,2025,"10489,2"
18/06/2025,"29,2",18,"23,57083333","61,25","3,75","11,6819",0,2025,"11681,9"
19/06/2025,23,"17,6","20,29583333","75,83333333",2,"3,9111","10,6",2025,"3911,1"
20/06/2025,"17,8","14,7","15,42916667","93,66666667","1,25","2,5283","13,8",2025,"2528,3"
21/06/2025,"19,1","13,2","15,90833333","89,04166667","0,8333333333","8,3675","0,2",2025,"8367,5"
22/06/2025,"24,6",16,"19,09166667","87,875","2,958333333","8,706",4,2025,8706
23/06/2025,"22,9","9,4","15,925","78,04166667","5,375","8,4406","49,2",2025,"8440,6"
24/06/2025,"13,4","1,2","7,383333333","60,95833333",2,"15,2093",0,2025,"15209,3"
25/06/2025,"20,6","1,1","10,02083333","58,41666667",4,"12,9215",0,2025,"12921,5"
26/06/2025,19,"12,4","15,31666667","80,04166667","3,916666667","1,1675","64,8",2025,"1167,5"
27/06/2025,"17,6",11,"14,43333333","92,04166667","1,25","6,5051","1,6",2025,"6505,1"
28/06/2025,"28,1","15,2","19,77083333","87,79166667",2,"10,0995",20,2025,"10099,5"
29/06/2025,"21,5","12,4","16,625","91,66666667","3,625","1,3041",2,2025,"1304,1"
30/06/2025,"12,6","9,5","11,62916667","86,08333333","5,083333333","4,1918",0,2025,"4191,8"
01/07/2025,"12,4","2,8","7,758333333","75,66666667","3,333333333","8,0799",0,2025,"8079,9"
02/07/2025,"16,9","8,1","11,05416667","71,70833333","2,5","13,6013",0,2025,"13601,3"
03/07/2025,"20,5","6,6","12,7875","79,58333333","1,125","14,2698",0,2025,"14269,8"
04/07/2025,"22,7","9,8","15,45833333","73,29166667",2,"14,4136",0,2025,"14413,6"
05/07/2025,24,"10,4","16,175","71,625","1,625","14,5693",0,2025,"14569,3"
06/07/2025,"25,4","8,9","16,9375","68,95833333","1,375","14,7322",0,2025,"14732,2"
07/07/2025,"25,2","10,5","17,6","67,33333333","1,833333333","14,6114",0,2025,"14611,4"
08/07/2025,"24,9","11,2","17,47083333",69,"2,041666667","14,318",0,2025,14318
09/07/2025,"24,6","10,1","17,19583333","71,66666667","1,583333333","14,52",0,2025,14520
10/07/2025,"24,5","11,2","17,2875","67,91666667","1,791666667","14,7091",0,2025,"14709,1"
11/07/2025,"27,2","12,3","19,29583333","65,29166667","2,291666667","12,8952",0,2025,"12895,2"
12/07/2025,"28,7","13,7","20,75","57,83333333","1,958333333","13,6898",0,2025,"13689,8"
13/07/2025,"26,4","18,1","21,67916667","58,83333333","2,166666667","8,7851",0,2025,"8785,1"
14/07/2025,"28,1","12,7","20,49166667","65,04166667","1,625","14,0619",0,2025,"14061,9"
15/07/2025,"28,6","17,7","22,15416667","60,70833333",3,"13,8569",0,2025,"13856,9"
16/07/2025,"28,5","19,2","22,8625","56,75","3,083333333","10,4308",0,2025,"10430,8"
17/07/2025,"22,6","10,5","15,71666667","74,25","3,708333333","3,5624","0,2",2025,"3562,4"
18/07/2025,"17,8","7,6","12,15833333","71,875","2,75","15,9549",0,2025,"15954,9"
19/07/2025,"23,1","5,8","13,77916667","75,91666667","1,458333333","15,5826",0,2025,"15582,6"
20/07/2025,"25,8","9,3","16,77916667","68,79166667","2,041666667","14,6413",0,2025,"14641,3"
21/07/2025,"27,7","13,1","19,36666667","61,54166667","2,208333333","15,2019",0,2025,"15201,9"
22/07/2025,"28,8","12,6","20,25416667","65,41666667","1,458333333","15,1352",0,2025,"15135,2"
23/07/2025,30,15,"21,60416667","63,75","1,666666667","14,9308",0,2025,"14930,8"
24/07/2025,"22,2","15,4","17,7625","81,875","3,291666667","0,8556","40,4",2025,"855,6"
25/07/2025,"26,7","14,8","19,11666667","79,33333333","3,125","14,1962",16,2025,"14196,2"
26/07/2025,"27,6","17,9","22,0875","67,41666667","4,458333333","11,4776",0,2025,"11477,6"
27/07/2025,"26,9","17,6","21,02083333","73,33333333","4,291666667","3,761",41,2025,3761
28/07/2025,"18,8","11,5","15,21666667","86,58333333","4,791666667","7,304","0,4",2025,7304
29/07/2025,"17,5","8,3","12,7625","80,33333333","2,625","16,857",0,2025,16857
30/07/2025,"22,6","6,1","13,93333333","67,58333333","1,625","17,0703",0,2025,"17070,3"
31/07/2025,"26,5","10,9","17,79583333","53,70833333","4,875","17,0467",0,2025,"17046,7"
01/08/2025,"29,5","14,6","21,18333333","48,75","5,916666667","14,9154",0,2025,"14915,4"
02/08/2025,"31,5","20,2","25,60416667","49,25","6,541666667","13,4024",0,2025,"13402,4"
03/08/2025,"29,9","21,3","25,43333333","51,08333333","5,083333333","13,154",0,2025,13154
04/08/2025,"26,2",17,"19,775","81,66666667","3,708333333","3,2931","60,2",2025,"3293,1"
05/08/2025,"24,3","15,2","18,82916667","86,70833333","0,9583333333","12,6053",0,2025,"12605,3"
06/08/2025,"25,2","14,8","19,42916667","78,91666667","2,041666667","16,0342",0,2025,"16034,2"
07/08/2025,"25,8","14,4","19,07083333","74,45833333","2,25","14,8642",0,2025,"14864,2"
08/08/2025,"18,8","12,3","15,025","83,375","4,708333333","8,602","1,8",2025,8602
09/08/2025,15,"7,2","10,6875","74,41666667",4,"18,5148",0,2025,"18514,8"
10/08/2025,"19,8","3,2","11,13333333","72,04166667","1,5","18,4685",0,2025,"18468,5"
11/08/2025,"21,7","5,4","13,54166667","69,95833333","1,416666667","18,6461",0,2025,"18646,1"
12/08/2025,"23,5","4,7","14,13043478","62,73913043","1,52173913","15,8699",0,2025,"15869,9"
13/08/2025,"25,6","7,8","16,60416667","60,25","1,958333333","18,6623",0,2025,"18662,3"
14/08/2025,"25,7","8,3","17,2","65,375","1,791666667","18,542",0,2025,18542
15/08/2025,"26,3","9,1","17,425","68,33333333","1,916666667","18,1057",0,2025,"18105,7"
16/08/2025,"28,5","13,8","20,2","61,04166667","2,833333333","18,2673",0,2025,"18267,3"
17/08/2025,"30,2","14,3","21,36666667","60,95833333","1,958333333","17,7178",0,2025,"17717,8"
18/08/2025,"32,1","16,2","24,05833333",53,"3,708333333","11,7995",0,2025,"11799,5"
19/08/2025,"31,3","14,1","23,97083333","51,375","6,458333333","12,7254","11,4",2025,"12725,4"
20/08/2025,24,"13,6","17,175","80,5","1,958333333","17,4558","26,2",2025,"17455,8"
21/08/2025,"30,3","11,7","19,925","71,66666667","2,458333333","15,0876",0,2025,"15087,6"
22/08/2025,"35,2","22,6","28,16666667","54,16666667","5,666666667","17,693",0,2025,17693
23/08/2025,"28,4","13,6","22,89583333","65,45833333","4,708333333","4,2112","49,4",2025,"4211,2"
24/08/2025,"13,7","9,9","11,6375","91,45833333","5,416666667","2,8079","23,2",2025,"2807,9"
25/08/2025,"12,7","9,5","10,62916667","91,5","2,291666667","4,288","15,8",2025,4288
26/08/2025,"18,1","9,8","12,575","86,45833333","2,458333333","15,2015","0,8",2025,"15201,5"
27/08/2025,"22,7","7,7","15,2625","86,29166667","1,125","17,3384",0,2025,"17338,4"
28/08/2025,"27,3","11,4","18,6","73,66666667","1,208333333","17,9481",0,2025,"17948,1"
29/08/2025,30,"14,9","21,77083333","64,41666667","2,875","18,7573",0,2025,"18757,3"
30/08/2025,"31,5",19,"24,75416667","60,41666667","4,708333333","19,5181",0,2025,"19518,1"
31/08/2025,"31,5","19,3","24,74166667","54,91666667","5,708333333","14,3803","0,4",2025,"14380,3"
01/09/2025,"25,8","17,8","21,9","68,75","3,125","4,6521","3,8",2025,"4652,1"
02/09/2025,"32,5",19,"24,37916667","65,54166667","5,083333333","18,0413",0,2025,"18041,3"
03/09/2025,"34,7",23,"27,53333333","50,5","5,75","17,5431",0,2025,"17543,1"
04/09/2025,"29,2","19,3","24,10833333","62,125","3,75","3,0608","4,8",2025,"3060,8"
05/09/2025,"20,1","12,8","14,9","93,66666667","4,208333333","2,2203","5,4",2025,"2220,3"
06/09/2025,20,11,"14,37083333","82,70833333","3,583333333","13,2621",0,2025,"13262,1"
07/09/2025,"24,5","12,7","17,95416667","80,875","1,416666667","8,3823",0,2025,"8382,3"
08/09/2025,31,"18,9","23,99583333","68,29166667","2,166666667","11,6419",0,2025,"11641,9"
09/09/2025,"24,7","15,6","19,12083333","84,83333333","3,041666667","12,8361","34,4",2025,"12836,1"
10/09/2025,"30,2","11,4","19,68333333","66,875","1,958333333","22,6119",0,2025,"22611,9"
11/09/2025,"26,4","13,7","20,85416667","61,54166667","1,75","8,5271",0,2025,"8527,1"
12/09/2025,"31,8","15,6","23,19166667","63,375",2,"21,0975",0,2025,"21097,5"
13/09/2025,"26,4",19,"22,34583333","68,70833333","3,166666667","8,216","1,6",2025,8216
14/09/2025,28,18,"22,41666667","66,70833333","3,583333333","12,4106","0,4",2025,"12410,6"
15/09/2025,"31,7","18,8","23,45833333","66,41666667","3,708333333","15,6187",0,2025,"15618,7"
16/09/2025,"30,8","19,2","24,075","68,25","2,25","18,2554",0,2025,"18255,4"
17/09/2025,"33,9","17,4","25,49166667","64,41666667","1,25","21,2911",0,2025,"21291,1"
18/09/2025,"32,7",20,"26,1125","54,66666667","3,5","21,0621",0,2025,"21062,1"
19/09/2025,"34,6","18,6","26,20416667","53,79166667","2,375","20,6838",0,2025,"20683,8"
20/09/2025,"37,4","21,5","28,31666667","52,25","3,458333333","18,8741","3,6",2025,"18874,1"
21/09/2025,"36,3","22,9","27,56666667","65,45833333","3,833333333","19,1447",0,2025,"19144,7"
22/09/2025,"26,4","16,6","20,20833333","76,58333333","5,125","17,9746",77,2025,"17974,6"
23/09/2025,"25,5","10,3","17,29583333",59,"1,5","24,0072",0,2025,"24007,2"
24/09/2025,"29,4","13,3","20,7625","55,29166667","1,333333333","23,2142",0,2025,"23214,2"
25/09/2025,"28,5",16,"21,625","53,08333333","2,458333333","24,204",0,2025,24204
26/09/2025,"29,8","15,6","22,3375","55,5","4,583333333","24,2481",0,2025,"24248,1"
27/09/2025,"33,2","17,5","24,525","52,95833333","5,458333333","23,5351",0,2025,"23535,1"
28/09/2025,"29,1","18,1","23,22916667","75,79166667","2,708333333","20,6705","10,8",2025,"20670,5"
29/09/2025,"32,3","18,7","23,64166667",79,"1,625","14,7208","0,2",2025,"14720,8"
30/09/2025,"24,8","19,2","21,8375","81,66666667","3,375","1,7927","25,8",2026,"1792,7"
01/10/2025,"22,7","18,1","20,24166667","91,33333333","1,5","7,2265",0,2026,"7226,5"
02/10/2025,"29,7","19,4","22,83333333",85,"1,583333333","16,4309","0,2",2026,"16430,9"
03/10/2025,"24,5","19,3","21,125","86,45833333","3,041666667","9,4878","5,8",2026,"9487,8"
04/10/2025,"33,3","17,1","23,5875","75,70833333","2,833333333","19,2371",0,2026,"19237,1"
05/10/2025,38,"22,9","29,975",48,"5,166666667","22,7063","0,4",2026,"22706,3"
06/10/2025,29,"20,5","25,175",70,"3,791666667","9,8631","1,8",2026,"9863,1"
07/10/2025,"24,6","15,3","18,97083333",72,"5,166666667","18,4264",0,2026,"18426,4"
08/10/2025,"17,9","14,9","16,24583333","84,95833333","1,958333333","2,3524","17,8",2026,"2352,4"
09/10/2025,"22,4","15,5","17,7125","84,95833333","1,916666667","9,8478","0,8",2026,"9847,8"
10/10/2025,"31,4","15,7","22,16666667","74,5","1,208333333","23,9836",0,2026,"23983,6"
11/10/2025,"34,1",21,"26,8375","63,875","5,416666667","23,981",0,2026,23981
12/10/2025,"29,1","19,7","22,30416667","82,875","3,833333333","1,6905","75,8",2026,"1690,5"
13/10/2025,"25,1","18,5","21,34166667","77,70833333","3,25","24,9768",2,2026,"24976,8"
14/10/2025,30,"13,1","21,60833333","60,5","1,5","26,8896",0,2026,"26889,6"
15/10/2025,33,"15,8","24,35","62,125","3,125","24,1537",0,2026,"24153,7"
16/10/2025,"32,2",0,"25,04782609",71,"3,260869565","11,3962","9,4",2026,"11396,2"
17/10/2025,"23,4","19,3","21,0625","85,79166667",3,"6,6837","23,8",2026,"6683,7"
18/10/2025,"26,3","19,2","21,775","84,5",4,"18,2151","18,8",2026,"18215,1"
19/10/2025,26,"13,8","19,63333333","64,58333333","2,708333333","27,7026",0,2026,"27702,6"
20/10/2025,"27,5","14,1","20,23333333","55,875","3,041666667","27,4673",0,2026,"27467,3"
21/10/2025,"28,3","13,9","21,25","51,33333333","5,166666667","25,6911",0,2026,"25691,1"
22/10/2025,"30,8","16,5","23,5125","48,16666667","4,916666667","27,2885",0,2026,"27288,5"
23/10/2025,"29,8","17,7","23,84166667","49,16666667","4,333333333","21,0386",0,2026,"21038,6"
24/10/2025,"33,8","21,2","26,1","45,70833333","6,041666667","24,7776",0,2026,"24777,6"
25/10/2025,"35,8","23,9","28,16666667","44,75","5,958333333","20,9558",0,2026,"20955,8"
26/10/2025,"25,9","19,1","22,05833333","84,16666667",4,"13,1182","27,6",2026,"13118,2"
27/10/2025,"29,4","19,9","23,66666667","79,41666667","1,291666667","21,8429",0,2026,"21842,9"
28/10/2025,"28,3","20,9","23,525","83,125","2,208333333","12,1032","11,2",2026,"12103,2"
29/10/2025,"20,9","14,8","17,14583333","87,91666667","4,666666667","8,6875","0,6",2026,"8687,5"
30/10/2025,"24,4","15,8","18,52916667","78,83333333","2,375","22,0524",0,2026,"22052,4"
31/10/2025,"27,8","15,1","20,625","72,83333333","1,166666667","25,9071",0,2026,"25907,1"
01/11/2025,"27,1","19,2","21,41666667","80,29166667","2,833333333","9,3492","106,4",2026,"9349,2"
02/11/2025,"28,3",18,"21,60833333","86,125","2,958333333","17,4292","104,2",2026,"17429,2"
03/11/2025,"29,4","20,1","23,94583333","82,5","0,8333333333","22,5934",0,2026,"22593,4"
04/11/2025,"33,4","18,3","25,49166667","74,125","1,875","25,907",0,2026,25907
05/11/2025,"28,9","21,9","24,84166667","76,91666667","1,375","12,0869","0,4",2026,"12086,9"
06/11/2025,31,"16,8","24,35833333","71,16666667","1,458333333","27,9067",0,2026,"27906,7"
07/11/2025,"31,9","21,9","25,225","73,125","4,875","21,8235","13,2",2026,"21823,5"
08/11/2025,"23,5","16,2","19,52916667","76,95833333","5,041666667","19,2414","0,6",2026,"19241,4"
09/11/2025,28,"14,9","20,375","74,5","1,958333333","23,0275",0,2026,"23027,5"
10/11/2025,"29,6","17,3","22,86521739","70,04347826","1,739130435","23,8346",0,2026,"23834,6"
11/11/2025,"29,8","18,4","23,7","61,60869565",3,"26,401",0,2026,26401
12/11/2025,26,"19,4","22,12916667","76,125","2,75","4,8876","28,8",2026,"4887,6"
13/11/2025,"25,1","19,6","21,94166667","86,41666667","1,791666667","9,5503","6,8",2026,"9550,3"
14/11/2025,"27,4","20,4","23,49166667","85,04166667","1,166666667","17,1662",0,2026,"17166,2"
15/11/2025,"26,6","21,7","23,42916667","87,45833333","2,041666667","10,7288","0,4",2026,"10728,8"
16/11/2025,"28,6","19,6","23,5","84,5","4,208333333","20,5019",0,2026,"20501,9"
17/11/2025,"23,2","17,1","19,05","86,16666667","2,708333333","10,2262","41,8",2026,"10226,2"
18/11/2025,"23,6","15,9","19,52083333","77,33333333","2,291666667","27,4306","8,2",2026,"27430,6"
19/11/2025,"27,9",12,"19,87083333","72,33333333","1,5","29,4845",0,2026,"29484,5"
20/11/2025,"30,7","15,6","23,27916667","71,41666667","1,916666667","29,1973",0,2026,"29197,3"
21/11/2025,"32,1","18,5",25,"63,04166667","2,291666667","28,4906",0,2026,"28490,6"
22/11/2025,"32,7","19,5","25,69583333","70,125","1,875","28,063",0,2026,28063
23/11/2025,"30,5","19,7","25,02916667","71,25","1,916666667","25,0876",0,2026,"25087,6"
24/11/2025,"29,2","17,6","23,35416667","73,83333333","1,666666667","28,0025",0,2026,"28002,5"
25/11/2025,"29,9","17,5","23,55416667","72,08333333","1,75","29,4413",0,2026,"29441,3"
26/11/2025,"32,2","18,6","24,84166667","70,66666667","1,583333333","28,826",0,2026,28826
27/11/2025,"31,6","20,3","25,225","67,83333333","2,75","28,521",0,2026,28521
28/11/2025,"31,7","19,1","25,775","70,08333333",2,"23,4756",0,2026,"23475,6"
29/11/2025,"34,9","20,3","27,32083333","68,91666667","1,291666667","27,8623",0,2026,"27862,3"
30/11/2025,"35,9","20,1","27,62083333","70,20833333","1,625","26,0892",0,2026,"26089,2"
01/12/2025,"31,2",21,"24,42916667","82,125","2,041666667","12,921","3,2",2026,12921
02/12/2025,"29,7","20,4","24,33333333","81,875","1,583333333","21,3782","0,4",2026,"21378,2"
03/12/2025,"32,4","20,1","26,10416667","71,5",2,"28,5649",0,2026,"28564,9"
04/12/2025,"31,9","15,3","24,67083333",64,"1,25","29,3725",0,2026,"29372,5"
05/12/2025,"33,2","17,4","25,22916667","69,33333333","2,166666667","28,9422",0,2026,"28942,2"
06/12/2025,35,"19,2","27,35","65,04166667","1,583333333","26,856",0,2026,26856
07/12/2025,"35,5","20,8","27,04166667","71,29166667","2,125","21,597",0,2026,21597
08/12/2025,"25,7","20,3","22,23333333","87,75","2,541666667","3,0617","88,2",2026,"3061,7"
09/12/2025,"26,3","20,9","22,85833333","84,04166667","3,208333333","18,3045","3,2",2026,"18304,5"
10/12/2025,"26,7",21,"23,0625","74,95833333","3,416666667","19,7671",0,2026,"19767,1"
11/12/2025,"29,9",17,"22,97083333","74,875","1,083333333","29,2565",0,2026,"29256,5"
12/12/2025,23,"17,3","19,78333333","86,45833333","2,5","2,0144","78,4",2026,"2014,4"
13/12/2025,"28,4","16,2","21,17083333","83,75","0,9583333333","22,2391",0,2026,"22239,1"
14/12/2025,"28,6","21,2","23,66666667","89,08333333","2,208333333","15,0167","23,8",2026,"15016,7"
15/12/2025,"30,6","20,2","23,8875","88,45833333","3,208333333","22,0992","59,8",2026,"22099,2"
16/12/2025,"26,6","21,3","23,04166667","84,33333333","3,375","19,9701","5,8",2026,"19970,1"
17/12/2025,29,"15,4","22,06666667","70,83333333","1,458333333","26,0849","0,2",2026,"26084,9"
18/12/2025,30,"19,5","24,54583333","74,375","1,75","28,8934",0,2026,"28893,4"
19/12/2025,"32,2","17,6","24,6125","71,75","1,791666667","29,2235",0,2026,"29223,5"
20/12/2025,"31,2","18,9","25,35","74,125","3,916666667","29,2896",0,2026,"29289,6"
21/12/2025,"31,9","21,7","27,1","77,41666667","4,375","14,5737","18,4",2026,"14573,7"
22/12/2025,32,"21,7","25,53333333","84,33333333","2,380952381","13,1323","13,8",2026,"13132,3"
23/12/2025,"31,6","22,7","25,92916667","84,29166667","2,125","21,4034","0,2",2026,"21403,4"
24/12/2025,"32,5","22,7","26,10833333","82,70833333","1,5","23,0613",0,2026,"23061,3"
25/12/2025,"32,5","21,5","26,30416667","81,20833333","1,916666667","24,5692",0,2026,"24569,2"
26/12/2025,"34,3","22,3","26,525","80,25","2,083333333","25,2128",25,2026,"25212,8"
27/12/2025,"33,2","21,8","26,725","78,58333333","1,666666667","28,8312","0,4",2026,"28831,2"
28/12/2025,"29,7","22,8","25,69166667","84,125","1,791666667","12,0066",0,2026,"12006,6"
29/12/2025,"32,8","21,8","25,59583333","81,83333333","1,75","22,893","10,6",2026,22893
30/12/2025,"31,3","21,4","24,49583333","85,41666667","1,5","22,4162","3,8",2026,"22416,2"
31/12/2025,"31,1","22,5","24,925","87,83333333","1,708333333","16,3165","0,6",2026,"16316,5"
01/01/2026,"31,8","22,7","25,57083333","85,79166667","2,291666667","16,5438","7,8",2026,"16543,8"
02/01/2026,"31,4","21,7","25,3375","85,04166667","1,541666667","20,5396","1,2",2026,"20539,6"
03/01/2026,"33,1","21,6","26,22916667","82,16666667","1,5","26,0132","0,2",2026,"26013,2"
04/01/2026,"28,8","17,8","23,72083333","69,79166667","3,875","30,4788",0,2026,"30478,8"
05/01/2026,"29,8",14,"21,85833333","71,375","2,166666667","29,1986",0,2026,"29198,6"
06/01/2026,31,"19,7","24,62916667","71,45833333","3,125","29,6031",0,2026,"29603,1"
07/01/2026,"33,8","20,3","26,33333333","70,29166667","2,208333333","27,1123",0,2026,"27112,3"
08/01/2026,"34,8","21,4","27,67916667","71,91666667","1,75","28,8504",0,2026,"28850,4"
09/01/2026,"33,7","23,1","28,15","69,58333333","3,416666667","24,4053",0,2026,"24405,3"
10/01/2026,"28,4","20,6","21,84583333",92,"2,416666667","2,7608","74,2",2026,"2760,8"
11/01/2026,"28,1","20,1","23,17083333","85,20833333","1,375","16,424","3,2",2026,16424
12/01/2026,"29,3","15,5","22,6625","73,45833333","1,791666667","30,35",0,2026,30350
13/01/2026,"32,4","17,4","24,00416667","75,33333333","1,458333333","28,4764",0,2026,"28476,4"
14/01/2026,33,"20,3","25,875","73,08333333","2,333333333","29,6453",0,2026,"29645,3"
15/01/2026,33,"20,4","26,52916667","72,16666667","2,458333333","28,695",0,2026,28695
16/01/2026,"33,8","21,4","27,05","72,16666667","2,541666667","23,6954",0,2026,"23695,4"
17/01/2026,"35,3","21,3","27,54166667","73,20833333","1,958333333","26,4406",0,2026,"26440,6"
18/01/2026,34,"22,2","26,29166667",79,"1,333333333","18,6169",3,2026,"18616,9"
19/01/2026,33,"21,9","26,32916667","71,91666667","2,333333333","29,4172",0,2026,"29417,2"
20/01/2026,"31,3","18,7","24,825","65,33333333","1,75","28,5045",0,2026,"28504,5"
21/01/2026,"32,4","19,1","25,0875","63,875","2,291666667","26,8615",0,2026,"26861,5"
22/01/2026,"32,4","18,8","25,1","62,54166667","2,166666667","24,1035",0,2026,"24103,5"
23/01/2026,"32,3","16,7","24,07391304","62,56521739","1,869565217","21,5621",0,2026,"21562,1"
24/01/2026,"33,9","18,2","25,65416667","59,54166667","2,333333333","25,6399",0,2026,"25639,9"
25/01/2026,"35,5","19,9","27,40416667",60,"2,166666667","26,4572",0,2026,"26457,2"
26/01/2026,"35,9",21,"28,4","60,04166667","2,75","26,806",0,2026,26806
27/01/2026,"36,2","21,6","28,0375","66,41666667","2,125","20,1748",0,2026,"20174,8"
28/01/2026,"36,1","20,9","27,125","69,875","2,375","25,651",0,2026,25651
29/01/2026,"36,1","21,3","26,99166667","73,75","1,875","24,2328","8,4",2026,"24232,8"
30/01/2026,"33,9",19,"25,41666667","74,16666667","2,208333333","25,8838",0,2026,"25883,8"
31/01/2026,"35,3","18,8","26,4625","65,75","2,041666667","24,6183",0,2026,"24618,3"
01/02/2026,"33,7",20,"25,85",68,"1,75","17,8008",0,2026,"17800,8"
02/02/2026,"32,8","19,7","25,3125","73,91666667","1,625","23,494",0,2026,23494
03/02/2026,"30,5","21,3","24,59583333","79,29166667","2,5","10,3438",0,2026,"10343,8"
04/02/2026,"34,2","17,7","25,2","71,375","1,375","27,252",0,2026,27252
05/02/2026,"36,4","21,2","28,25416667","62,29166667","2,125","24,6495",0,2026,"24649,5"
06/02/2026,"38,6","23,1","30,20416667","60,29166667","2,166666667","26,7466",0,2026,"26746,6"
07/02/2026,"37,1","22,3","26,99583333","72,45833333","2,125","13,946","0,6",2026,13946
08/02/2026,"33,5","19,9","24,64","79,05","1,8","22,9996","0,8",2026,"22999,6"
09/02/2026,"25,35","34,53","29,94","52,77","2,36","26,694",0,2026,26694
10/02/2026,"25,04","35,24","30,14","53,22","2,59","23,94216",0,2026,"23942,16"
11/02/2026,"27,17","36,5","31,835","48,72","1,98","25,19784",0,2026,"25197,84"
12/02/2026,"27,38","36,29","31,835","55,81","3,18","23,5206",0,2026,"23520,6"
13/02/2026,"25,53","32,56","29,045","74,57","3,19","4,86504",0,2026,"4865,04"
14/02/2026,"24,07","29,32","26,695","76,01","2,84","18,9648","17,1",2026,"18964,8"
15/02/2026,"25,95","35,28","30,615","58,49","2,25","23,85864",0,2026,"23858,64"
16/02/2026,"27,57","37,02","32,295","52,4","1,5","24,7122",0,2026,"24712,2"
17/02/2026,"26,35","38,22","32,285","50,1","1,41","20,85876",0,2026,"20858,76"
18/02/2026,"29,75","37,25","33,5","48,15","1,6","13,97448",0,2026,"13974,48"
19/02/2026,"27,96","38,25","33,105","50,75","1,71","27,39924",0,2026,"27399,24"
20/02/2026,"26,99","33,08","30,035","60,47","1,8","18,86112",0,2026,"18861,12"
21/02/2026,"26,24","33,65","29,945","58,84","0,98","23,8878",0,2026,"23887,8"
22/02/2026,"25,67","31,14","28,405","66,71","3,15","18,1242",0,2026,"18124,2"
23/02/2026,"24,93","28,24","26,585","75,47","2,71","13,04712",0,2026,"13047,12"
24/02/2026,"24,44","32,35","28,395","64,17","2,3","22,99464",0,2026,"22994,64"
25/02/2026,"24,99","33,22","29,105","59,22","2,62","25,96572",0,2026,"25965,72"
26/02/2026,"23,32","33,95","28,635","50,26","2,49","27,19368",0,2026,"27193,68"
27/02/2026,"21,88","35,22","28,55","40,9","2,12","27,37512",0,2026,"27375,12"
28/02/2026,"22,33","35,66","28,995","43,96","1,87","25,24104",0,2026,"25241,04"
01/03/2026,"21,51","34,99","28,25","58,2","1,82","22,93308",0,2026,"22933,08"
02/03/2026,"22,23","33,73","27,98","58,13","2,38","26,11188",0,2026,"26111,88"
03/03/2026,"22,57","35,85","29,21","55,17",2,"25,82424",0,2026,"25824,24"
04/03/2026,"23,87","36,39","30,13","54,11","1,94","25,47324",0,2026,"25473,24"
05/03/2026,"24,4","35,17","29,785","60,23","1,43","18,1458",0,2026,"18145,8"
06/03/2026,"24,48","34,45","29,465","64,8","1,57","19,7658",0,2026,"19765,8"
07/03/2026,"22,91","35,32","29,115","64,41","1,86","21,52152",0,2026,"21521,52"
08/03/2026,"23,89","35,57","29,73","65,4","1,71","21,93264",0,2026,"21932,64"
09/03/2026,"23,68","27,86","25,77","82,47","2,08","9,56196",0,2026,"9561,96"
10/03/2026,"21,98","32,47","27,225","71,56","1,62","21,15",0,2026,21150
11/03/2026,"22,37","31,07","26,72","73,73","1,81","18,88452",0,2026,"18884,52"
12/03/2026,"34,7","27,8","31,52222222","54,33333333","3,111111111","16,4637",0,2026,"16463,7"
13/03/2026,"34,5","20,2","26,5125","68,20833333","1,666666667","24,7431",0,2026,"24743,1"
14/03/2026,"35,8","19,1","27,3","62,45833333","1,833333333","23,9598",0,2026,"23959,8"
15/03/2026,"35,4","21,3","26,75416667","64,375","2,75","16,8798",1,2026,"16879,8"
16/03/2026,"31,7","21,3","24,41666667","79,20833333","2,125","7,1952",0,2026,"7195,2"
17/03/2026,"26,4","21,5","23,66666667","85,5","2,041666667","7,2823",4,2026,"7282,3"
18/03/2026,"31,2","21,6","25,16666667",82,"1,541666667","19,947",6,2026,19947
19/03/2026,"34,2","21,5","26,70833333","80,375","1,041666667","22,0558",0,2026,"22055,8"
20/03/2026,"35,4","21,8","27,79166667","75,08333333","1,541666667","23,1531",0,2026,"23153,1"
21/03/2026,34,"24,6","28,20416667","74,5","2,208333333","16,0782",0,2026,"16078,2"
22/03/2026,"34,3","25,5","28,82083333","73,58333333","1,75","17,0234",0,2026,"17023,4"
23/03/2026,"35,3",23,"27,56666667","71,83333333","2,208333333","19,536",0,2026,19536
24/03/2026,"31,3","21,5","25,89583333","80,58333333","2,041666667","22,4149",31,2026,"22414,9"
25/03/2026,"33,3","22,6","26,85","77,375","1,5","20,4828",0,2026,"20482,8"
26/03/2026,"33,2","22,7","27,475","75,08333333","1,458333333","21,7978",0,2026,"21797,8"
27/03/2026,33,"22,4","27,5125","70,20833333","2,375","19,9798",0,2026,"19979,8"
28/03/2026,34,"21,6","27,8125","68,04166667","1,458333333","20,2933",0,2026,"20293,3"
29/03/2026,"34,4",20,"27,09583333","68,70833333","1,25","22,1973",0,2026,"22197,3"
30/03/2026,"35,7","19,6","27,23333333","69,83333333","1,75","22,3105",0,2026,"22310,5"
31/03/2026,35,"19,9","26,04583333","70,70833333",2,"20,8834","16,2",2026,"20883,4"
01/04/2026,"28,7","19,9","23,10416667","80,08333333","2,291666667","15,2473","7,8",2026,"15247,3"
02/04/2026,"31,3",20,"24,44583333","77,41666667","2,041666667","21,146",0,2026,21146
03/04/2026,"32,9","20,5","25,8375","74,79166667","1,708333333","21,3363",0,2026,"21336,3"
04/04/2026,"33,6","20,2","26,35416667","73,5","1,541666667","21,314",0,2026,21314
05/04/2026,"34,9","20,9","27,40833333","70,41666667","1,5","21,2251",0,2026,"21225,1"
06/04/2026,"33,2","22,5","26,775","69,83333333","3,041666667","19,1562",0,2026,"19156,2"
07/04/2026,"31,9","22,3","26,17916667","75,91666667","3,291666667","13,6193","19,4",2026,"13619,3"
08/04/2026,"26,1","19,8","22,1625","84,04166667","2,041666667","12,4817","0,2",2026,"12481,7"
